,name,affiliation,race,status,devil_fruit,origin,haki,bounty,devil_fruit_type
0,A O,A O Pirates,Human,Unknown,Unknown,,,,Unknown
1,Abdullah,Ideo Pirates,Human,Alive,Unknown,,,,Unknown
2,Absalom,Thriller Bark Pirates,Human,Deceased,Suke Suke no Mi,West Blue,,,Paramecia
3,Acilia,,Human,Alive,Unknown,,,,Unknown
4,Adele,Mermaid Café,Merfolk,Alive,Unknown,Grand Line,,,Unknown
5,Aegir,Walrus School,Giant,Alive,Unknown,,,,Unknown
6,Ageha Woman,Beasts Pirates,Human,Alive,Swallowtail Butterfly SMILE,,,,Zoan
7,Aggie 68,Spade Pirates,Human,Alive,Unknown,,,,Unknown
8,Agotogi,Agotogi Sand Merchants,Human,Alive,Unknown,,,,Unknown
9,Agsilly,Whitebeard Pirates,Human,Alive,Unknown,,,,Unknown
10,Agyo,,Animal,Alive,Unknown,,,,Unknown
11,Ahho Desunen IX,Goa Kingdom,Human,Alive,Unknown,,,,Unknown
12,Ahho Zurako,Goa Kingdom,Human,Alive,Unknown,,,,Unknown
13,Ahiru,Revolutionary Army,Human,Alive,Unknown,,,,Unknown
14,Aisa,Wagomuland,Moon people - Shandian,Alive,Unknown,Sky Islands (Skypiea),['Observation'],,Unknown
15,Akehende,Marines,Human,Alive,Unknown,,,200000000,Unknown
16,Akudai Kanzaburo,,Human,Alive,Unknown,,,,Unknown
17,Akumai,Baroque Works (Billions) (former),Human,Alive,Unknown,Grand Line,,,Unknown
18,Aladine,Sun Pirates,Merfolk,Alive,Unknown,Grand Line,,,Unknown
19,Albion,Fake Straw Hat Crew (Former),Human,Alive,Unknown,,,92000000,Unknown
20,Alice,Galley-La Company,Human,Alive,Unknown,,,,Unknown
21,Ally,,Human,Alive,Unknown,,,,Unknown
22,Alpacaman,Beasts Pirates,Human,Alive,Alpaca SMILE,,,,Zoan
23,Alpha,CP8,Human,Alive,Unknown,,,,Unknown
24,Alvida,Cross Guild,Human,Alive,Sube Sube no Mi,East Blue,,5000000,Paramecia
25,Amadob,Whitebeard Pirates,Human,Alive,Unknown,,,,Unknown
26,Amazon,Wagomuland,Moon people - Skypiean,Alive,Unknown,Sky Islands (Skypiea),,,Unknown
27,An Zengaiina,,Human,Alive,Unknown,Grand Line,,"Over 15,000,000",Unknown
28,Anba,,Human,Unknown,Unknown,,,,Unknown
29,And,World Government,Human,Unknown,Unknown,Grand Line,,,Unknown
30,Andre,Whitebeard Pirates,Human,Alive,Unknown,,,,Unknown
31,Ange,Walrus School,Giant,Alive,Unknown,,,,Unknown
32,Anjo,,Human,Alive,Unknown,East Blue,,,Unknown
33,Ankoro,Flying Pirates,Animal,Alive,Unknown,,,,Unknown
34,Antonio,Antonio's Graman,Human,Alive,Unknown,,,,Unknown
35,Aphelandra,Kuja,Human,Alive,Unknown,Calm Belt (Amazon Lily),['Armament'],,Unknown
36,Aramaki [Ryokugyu],Marines,Human,Alive,Mori Mori no Mi,South Blue (Taya Kingdom),"['Observation', 'Armament']",3000000000,Logia
37,Arber [King],Beasts Pirates,Lunarian,Alive,"Ryu Ryu no Mi, Model: Pteranodon",Grand Line,"['Observation', 'Armament']",1390000000,Zoan
38,Aremo Ganmi,,Human,Alive,Unknown,,,,Unknown
39,Arlong,Arlong Pirates,Fish-man,Alive,Unknown,Grand Line (Ryugu Kingdom),,20000000,Unknown
40,Arrow,Arabasta Kingdom,Human,Deceased,Unknown,,,,Unknown
41,Arthur,Whitebeard Pirates,Human,Alive,Unknown,,,,Unknown
42,Aruyutayan V,Lvneel Kingdom,Human,Deceased,Unknown,North Blue (Lvneel Kingdom),,,Unknown
43,Asahija,Marines,Human,Alive,Unknown,,,100000,Unknown
44,Asashichi,,Human,Alive,Unknown,,,,Unknown
45,Ashura Doji,Kouzuki Family,Human,Deceased,Unknown,Grand Line (Wano Country),"['Observation', 'Armament']",,Unknown
46,Asla,Warland Kingdom,Animal,Deceased,Unknown,,,,Unknown
47,Aswa,,Human,Unknown,Unknown,,,,Unknown
48,Atagoyama,,Human,Alive,Unknown,,,,Unknown
49,Atlas,Marines (SSG),Robot,Alive,Unknown,Grand Line (Egghead),,,Unknown
50,Atmos,Whitebeard Pirates,Human,Alive,Unknown,West Blue,,,Unknown
51,Attach,World Economy News Paper,Human,Unknown,Unknown,,,,Unknown
52,Avalo Pizarro,Blackbeard Pirates,Human,Alive,Shima Shima no Mi,North Blue,,,Paramecia
53,Ayesé Mar,Marines ,Human,Alive,Unknown,,,,Unknown
54,Azuki,,Human,Alive,Unknown,,,,Unknown
55,Babanuki,Beasts Pirates,Human,Alive,Elephant SMILE,,,,Zoan
56,Babe [Mr. 4],New Spiders Cafe,Human,Alive,Unknown,Grand Line,,3200000,Unknown
57,Baburu,,Human,Alive,Unknown,Grand Line,,,Unknown
58,Baby 5,Happo Navy,Human,Alive,Buki Buki no Mi,North Blue,,,Paramecia
59,Bacura,Kuja,Animal,Alive,Unknown,Calm Belt (Amazon Lily),,,Unknown
60,Baggaley,Whitebeard Pirates,Human,Alive,Unknown,,,,Unknown
61,Bakezo,Marines ,Human,Alive,Unknown,,,,Unknown
62,Ban Dedessinée,Frauce Kingdom,Human,Alive,Unknown,East Blue,,,Unknown
63,Banchi,Baroque Works (former),Animal,Alive,Unknown,West Blue,,,Unknown
64,Banchina,,Human,Deceased,Unknown,East Blue (Syrup Village),,,Unknown
65,Bankuro,Roger Pirates,Human,Unknown,Unknown,,,,Unknown
66,Banshee,Spade Pirates,Merfolk,Alive,Unknown,,,,Unknown
67,Banzaburo,Kouzuki Family,Human,Deceased,Unknown,,,,Unknown
68,Bao,Thriller Bark Pirates,Devil Fruit creation,Deceased,Unknown,,,,Unknown
69,Bao Huang,Beasts Pirates,Human,Alive,Flying Squirrel SMILE,,,,Zoan
70,Barbel,Rocks Pirates (former),Fish-man,Unknown,Unknown,,,,Unknown
71,Bariete,Mokomo Dukedom,Mink,Alive,Unknown,,,,Unknown
72,Barrel,Arabasta Kingdom,Human,Deceased,Unknown,,,,Unknown
73,Barry,Spade Pirates,Human,Alive,Unknown,,,,Unknown
74,Bartholomew Kuma,Revolutionary Army,Buccaneer,Alive,Nikyu Nikyu no Mi,South Blue (Sorbet Kingdom),"['Observation', 'Armament']",296000000,Paramecia
75,Bartolomeo,Barto Club,Human,Unknown,Bari Bari no Mi,East Blue,,200000000,Paramecia
76,Bas,World Government,Human,Unknown,Unknown,Grand Line,,,Unknown
77,Basil Hawkins,Hawkins Pirates,Human,Deceased,Wara Wara no Mi,North Blue,"['Observation', 'Armament']",320000000,Paramecia
78,Basilisk,Impel Down,Animal,Alive,Unknown,West Blue,,,Unknown
79,Bastille,Marines,Human,Alive,Unknown,Grand Line,"['Observation', 'Armament']",500000000,Unknown
80,Batchee,,Animal,Unknown,Unknown,East Blue,,,Unknown
81,Batman,Beasts Pirates,Human,Alive,Bat SMILE,,,,Unknown
82,Battaman,Beasts Pirates,Human,Alive,Gastrimargus Grasshopper SMILE,,,,Zoan
83,Baxcon,Tontatta Kingdom,Dwarf,Alive,Unknown,,,,Unknown
84,Beak Remark,,Human,Alive,Unknown,,,,Unknown
85,Beegirl,Beasts Pirates,Human,Alive,Wasp SMILE,,,,Zoan
86,Beer VI,Roshwan Kingdom,Human,Alive,Unknown,,,,Unknown
87,Beetleman,Beasts Pirates,Human,Alive,Rhino Beetle SMILE,,,,Zoan
88,Bekori,Sorbet Kingdom (former),Human,Unknown,Unknown,,,,Unknown
89,Bell-mère,Marines (former),Human,Deceased,Unknown,East Blue (Conomi Islands),,,Unknown
90,Belladonna,Kuja,Human,Alive,Unknown,Calm Belt (Amazon Lily),['Armament'],,Unknown
91,Bellamy,Donquixote Pirates (former),Human,Alive,Bane Bane no Mi,North Blue (Notice),"['Observation', 'Armament']",195000000,Paramecia
92,Bellett,Unnamed kingdom (former),Human,Alive,Unknown,,,,Unknown
93,Belo Betty,Revolutionary Army,Human,Alive,Kobu Kobu no Mi,East Blue,"['Observation', 'Armament']",457000000,Paramecia
94,Benn Beckman,Red Hair Pirates,Human,Alive,Unknown,North Blue,['Armament'],,Unknown
95,Bent,Walrus School,Giant,Alive,Unknown,,,,Unknown
96,Bentham (Bon Clay) [Mr. 2],Newkama Land,Human,Alive,Mane Mane no Mi,East Blue,,32000000,Paramecia
97,Bepo,Heart Pirates,Mink,Alive,Unknown,Grand Line (Mokomo Dukedom),,1500,Unknown
98,Bian,Tontatta Kingdom,Dwarf,Alive,"Mushi Mushi no Mi, Model: Suzumebachi",,,,Zoan
99,Biblo,Owl Library,Animal,Alive,Iku Iku no Mi,Grand Line (Elbaph),,,Paramecia
100,Big Pan,Foxy Pirates (former),Wotan (Giant-Fish-man hybrid),Alive,Unknown,,,,Unknown
101,Billy,Yes Pirates,Human,Alive,Unknown,,,3000000,Unknown
102,Bimine,Pucci,Human,Alive,Unknown,,,,Unknown
103,Bingo,,Human,Alive,Unknown,,,,Unknown
104,Birdy,Poseidon,Animal,Alive,Unknown,,,,Unknown
105,Bishamon,Beasts Pirates,Human,Alive,Unknown,Grand Line (Wano Country),,,Unknown
106,Bishonure-Onna,Beasts Pirates,Human,Alive,Python SMILE,,,,Zoan
107,Bisley,Beasts Pirates (Armored Division),Human,Alive,Hedgehog SMILE,,,,Zoan
108,Biyo,,Human,Alive,Unknown,,,,Unknown
109,Bizarre,Whitebeard Pirates,Human,Alive,Unknown,,,,Unknown
110,Bjorn ,Walrus School,Giant,Alive,Unknown,,,,Unknown
111,Bjorn,Giant Warrior Pirates,Giant,Alive,Unknown,,,,Unknown
112,Black Maria,Beasts Pirates (Tobiroppo),Human,Alive,"Kumo Kumo no Mi, Model: Rosamygale Grauvogeli",Grand Line (Wano Country),"['Observation', 'Armament']",480000000,Zoan
113,Blackback [BB],Mokomo Dukedom,Mink,Alive,Unknown,,,,Unknown
114,Blade,Walrus School,Giant,Alive,Unknown,,,,Unknown
115,Blakey,Ryugu Kingdom,Fish-man,Alive,Unknown,Grand Line,,,Unknown
116,Blamenco,Whitebeard Pirates,Human,Alive,Poke Poke no Mi,South Blue,,,Paramecia
117,Blenheim,Whitebeard Pirates,Human,Alive,Unknown,Grand Line,,,Unknown
118,Blondie,Whitebeard Pirates,Human,Alive,Unknown,,,,Unknown
119,Blue Fan,Kuja,Human,Alive,Unknown,Calm Belt (Amazon Lily),['Armament'],,Unknown
120,Blue Gilly,Ideo Pirates,Longleg,Alive,Unknown,Grand Line,,,Unknown
121,Bluegrass,Marines,Human,Alive,Nori Nori no Mi,,['Armament'],500000000,Paramecia
122,Bluejam,Bluejam Pirates,Human,Unknown,Unknown,East Blue (Goa Kingdom),,14300000,Unknown
123,Blueno,CP0,Human,Alive,Doa Doa no Mi,North Blue,"['Observation', 'Armament']",,Paramecia
124,Blumarine,Roger Pirates,Human,Unknown,Unknown,,,,Unknown
125,Boa Hancock,Kuja,Human,Alive,Mero Mero no Mi,Calm Belt (Amazon Lily),"['Conquerors', 'Observation', 'Armament']",1659000000,Paramecia
126,Boa Marigold,Kuja,Human,Alive,"Hebi Hebi no Mi, Model: King Cobra",Calm Belt (Amazon Lily),"['Observation', 'Armament']",40000000,Zoan
127,Boa Sandersonia,Kuja,Human,Alive,"Hebi Hebi no Mi, Model: Anaconda",Calm Belt (Amazon Lily),"['Observation', 'Armament']",40000000,Zoan
128,Bobbin,Big Mom Pirates,Human,Unknown,Unknown,,,105500000,Unknown
129,Bobby Funk,Mogaro Kingdom,Human,Alive,Unknown,Grand Line (Mogaro Kingdom),,36000000,Unknown
130,Bobomba,Tontatta Kingdom,Dwarf,Alive,Unknown,,,,Unknown
131,Bogard,Marines ,Human,Alive,Unknown,,,,Unknown
132,Bomba,Marines ,Human,Alive,Unknown,,,,Unknown
133,Bomba,Tontatta Kingdom,Dwarf,Alive,Unknown,,,,Unknown
134,Bongo,,Human,Alive,Unknown,,,,Unknown
135,Bonk Punch,Red Hair Pirates,Human,Alive,Unknown,,,,Unknown
136,Boo,Happo Navy,Human,Alive,Unknown,,['Armament'],,Unknown
137,Boodle,,Human,Alive,Unknown,East Blue (Organ Islands),,,Unknown
138,Boogie,Kid Pirates,Human,Unknown,Unknown,,,,Unknown
139,Borsalino [Kizaru],Marines,Human,Alive,Pika Pika no Mi,North Blue,"['Observation', 'Armament']",3000000000,Logia
140,Bourbon Jr.,Arabasta Kingdom,Animal,Alive,Unknown,,,,Unknown
141,Braham,God's Guards,Moon people - Shandian,Alive,Unknown,Sky Islands (Skypiea),,,Unknown
142,Brahm,Arabasta Kingdom,Human,Deceased,Unknown,,,,Unknown
143,Brannew,Marines,Human,Alive,Unknown,Grand Line,,100000000,Unknown
144,Brew,Whitebeard Pirates,Human,Alive,Unknown,,,,Unknown
145,Briscola,Beasts Pirates,Human,Alive,Gorilla SMILE (2),,,,Zoan
146,Brocca,Whitebeard Pirates,Human,Alive,Unknown,,,,Unknown
147,Brogy,Giant Warrior Pirates,Giant,Alive,Unknown,Grand Line (Elbaph),,1800000000,Unknown
148,Brontosaurus,,Animal,Deceased,Unknown,Grand Line (Little Garden),,,Unknown
149,Brook,Straw Hat Pirates,Human,Alive,Yomi Yomi no Mi,West Blue,,383000000,Paramecia
150,Bubblegum,Kid Pirates,Human,Unknown,Unknown,,,,Unknown
151,Buche,WCI 31,Human,Alive,Unknown,,,,Unknown
152,Buchi,Black Cat Pirates,Human,Alive,Unknown,East Blue,,7000000,Unknown
153,Buckingham Stussy,Rocks Pirates (former),Human,Alive,Unknown,Grand Line,,,Unknown
154,Buffalo,Donquixote Pirates,Human,Alive,Guru Guru no Mi,North Blue,,,Paramecia
155,Buggy,Cross Guild,Human,Alive,Bara Bara no Mi,Grand Line,,3189000000,Paramecia
156,Buhichuck,Thriller Bark Pirates,Devil Fruit creation,Deceased,Unknown,,,,Unknown
157,Building Snake,Red Hair Pirates,Human,Alive,Unknown,,,,Unknown
158,Bulldog,Sorbet Kingdom,Human,Alive,Unknown,,,,Unknown
159,Bunbuku,,Object,Alive,"Inu Inu no Mi, Model: Tanuki",,,,Zoan
160,Bungo,,Human,Alive,Unknown,,,,Unknown
161,Bunny Joe,Revolutionary Army,Human,Alive,Unknown,,,,Unknown
162,Bushon,Water 7,Human,Alive,Unknown,,,,Unknown
163,Busshiri,Ohara Archaeologists,Human,Deceased,Unknown,,,,Unknown
164,Byron,,Human,Alive,Unknown,West Blue,,,Unknown
165,Cabaji,Cross Guild,Human,Alive,Unknown,East Blue,,,Unknown
166,Caesar Clown,Germa Kingdom,Human,Alive,Gasu Gasu no Mi,Grand Line,,300000000,Logia
167,Caimanlady,Beasts Pirates,Human,Alive,Caiman SMILE,,,,Zoan
168,Camel,Blackbeard Pirates (former),Animal,Alive,Unknown,,,,Unknown
169,Camie,Mermaid Café,Merfolk,Alive,Unknown,Grand Line (Ryugu Kingdom),,,Unknown
170,Cancer,Marines,Human,Alive,Unknown,,['Armament'],500000000,Unknown
171,Candre,Marines ,Human,Alive,Unknown,,,,Unknown
172,Cands,Whitebeard Pirates,Human,Alive,Unknown,,,,Unknown
173,Candy,Candy Pirates,Human,Unknown,Unknown,Grand Line,,,Unknown
174,Capone Bege,Fire Tank Pirates,Human,Alive,Shiro Shiro no Mi,West Blue,,350000000,Paramecia
175,Capone Pez,Fire Tank Pirates,Human,Alive,Unknown,,,,Unknown
176,Capote,Foxy Pirates (former),Fish-man,Alive,Unknown,,,,Unknown
177,Caribou,Caribou Pirates,Human,Alive,Numa Numa no Mi,North Blue,,210000000,Logia
178,Carmel,Underworld,Human,Deceased,Soru Soru no Mi,West Blue,,,Paramecia
179,Carne,Baratie,Human,Alive,Unknown,East Blue,,,Unknown
180,Carrot,Mokomo Dukedom,Mink,Alive,Unknown,Grand Line (Mokomo Dukedom),,,Unknown
181,Catacombo,Marines,Human,Alive,Unknown,,,200000000,Unknown
182,Catarina Devon,Blackbeard Pirates,Human,Alive,"Inu Inu no Mi, Model: Kyubi no Kitsune",South Blue,,,Zoan
183,Caucasusman,Beasts Pirates (Armored Division),Human,Alive,Caucasus Beetle SMILE,,,,Zoan
184,Cavendish,Beautiful Pirates,Human,Alive,Unknown,Grand Line (Bourgeois Kingdom),"['Observation', 'Armament']",330000000,Unknown
185,CB Gallant,Roger Pirates,Human,Unknown,Unknown,,,,Unknown
186,Cerberus,Thriller Bark Pirates,Devil Fruit creation,Deceased,Unknown,,,,Unknown
187,Cerberus (Sword),Knights of God,Object,Alive,Unnamed Cerberus Zoan (Awakened),,,,Zoan
188,Cezar,Ilisia Kingdom,Human,Alive,Unknown,,,,Unknown
189,Chabo,Nojiko's mikan farm,Human,Alive,Unknown,East Blue (Conomi Islands),,,Unknown
190,Chadros Higelyges [Brownbeard],Caesar Clown (Defected),Human,Alive,Unknown,Grand Line,,"80,060,000 (former)",Unknown
191,Chaka,Arabasta Kingdom,Human,Alive,"Inu Inu no Mi, Model: Jackal",Grand Line (Arabasta Kingdom),,,Zoan
192,Chao,Tontatta Kingdom,Dwarf,Alive,Unknown,,,,Unknown
193,Chap,Deul Kingdom,Human,Alive,Unknown,,,,Unknown
194,Chappe,Caesar Clown (former),Human,Alive,Unknown,,,,Unknown
195,Charlotte Akimeg,Big Mom Pirates,Human,Alive,Unknown,,,,Unknown
196,Charlotte Allmeg,Big Mom Pirates,Human,Alive,Unknown,,,,Unknown
197,Charlotte Amande,Big Mom Pirates,Human-Snakeneck hybrid,Alive,Unknown,,,,Unknown
198,Charlotte Anana,Big Mom Pirates,Human,Alive,Unknown,,,,Unknown
199,Charlotte Angel,Big Mom Pirates,Human,Alive,Unknown,Grand Line (On a boat),,,Unknown
200,Charlotte Anglais,Big Mom Pirates,Human,Alive,Unknown,,,,Unknown
201,Charlotte Basans,Big Mom Pirates,Human,Alive,Unknown,,,,Unknown
202,Charlotte Basskarte,Big Mom Pirates,Human,Alive,Unknown,,,,Unknown
203,Charlotte Bavarois,Big Mom Pirates,Human,Alive,Unknown,,,,Unknown
204,Charlotte Brownie,Big Mom Pirates,Human,Alive,Unknown,,,,Unknown
205,Charlotte Broyé,Big Mom Pirates,Human,Alive,Unknown,Grand Line (At a random port),,,Unknown
206,Charlotte Brûlée,Big Mom Pirates,Human,Alive,Mira Mira no Mi,Grand Line (At a random port),,,Paramecia
207,Charlotte Cabaletta,Big Mom Pirates,Human,Alive,Unknown,,,,Unknown
208,Charlotte Cadenza,Big Mom Pirates,Human,Alive,Unknown,,['Armament'],,Unknown
209,Charlotte Chiboust,Big Mom Pirates,Human,Alive,Unknown,,,,Unknown
210,Charlotte Chiffon,Fire Tank Pirates,Human,Alive,Unknown,Grand Line (Totto Land),,,Unknown
211,Charlotte Cinnamon,Big Mom Pirates,Human-Longleg hybrid,Alive,Unknown,Grand Line (Totto Land),,,Unknown
212,Charlotte Citron,Big Mom Pirates,Human-Longleg hybrid,Alive,Unknown,Grand Line (Totto Land),,,Unknown
213,Charlotte Compo,Big Mom Pirates,Human,Alive,Unknown,,,,Unknown
214,Charlotte Compote,Big Mom Pirates,Human,Alive,Unknown,,,,Unknown
215,Charlotte Cornstarch,Big Mom Pirates,Human,Alive,Unknown,,,,Unknown
216,Charlotte Counter,Big Mom Pirates,Human,Alive,Unknown,,['Armament'],,Unknown
217,Charlotte Cracker,Big Mom Pirates,Human,Alive,Bisu Bisu no Mi,Grand Line (On a boat),"['Observation', 'Armament']",860000000,Paramecia
218,Charlotte Custard,Big Mom Pirates,Human,Alive,Unknown,Grand Line (On a boat),,,Unknown
219,Charlotte Dacquoise,Big Mom Pirates,Human,Alive,Unknown,,,,Unknown
220,Charlotte Daifuku,Big Mom Pirates,Human,Alive,Hoya Hoya no Mi,Grand Line (On a boat),"['Observation', 'Armament']",300000000,Paramecia
221,Charlotte De-Chat,Charlotte Family,Human-Fish-man hybrid,Alive,Unknown,,,,Unknown
222,Charlotte Dolce,Big Mom Pirates,Human,Alive,Unknown,,,,Unknown
223,Charlotte Dosmarche,Big Mom Pirates,Human,Alive,Unknown,,,,Unknown
224,Charlotte Dragée,Big Mom Pirates,Human,Alive,Unknown,,,,Unknown
225,Charlotte Effilée,Big Mom Pirates,Human-Snakeneck hybrid,Alive,Unknown,,,,Unknown
226,Charlotte Flampe,Big Mom Pirates,Human,Alive,Unknown,Grand Line (Totto Land),,,Unknown
227,Charlotte Fuyumeg,Big Mom Pirates,Human,Alive,Unknown,,,,Unknown
228,Charlotte Gala,Big Mom Pirates,Human,Alive,Unknown,,,,Unknown
229,Charlotte Galette,Big Mom Pirates,Human,Alive,Bata Bata no Mi,,,,Paramecia
230,Charlotte Hachée,Big Mom Pirates,Human-Snakeneck hybrid,Alive,Unknown,,,,Unknown
231,Charlotte Harumeg,Big Mom Pirates,Human,Alive,Unknown,,,,Unknown
232,Charlotte High-Fat,Big Mom Pirates,Human,Alive,Unknown,,,,Unknown
233,Charlotte Joconde,Big Mom Pirates,Human,Alive,Unknown,,,,Unknown
234,Charlotte Joscarpone,Big Mom Pirates,Human-Snakeneck hybrid,Alive,Unknown,,,,Unknown
235,Charlotte Kanten,Big Mom Pirates,Human,Alive,Unknown,,,,Unknown
236,Charlotte Katakuri,Big Mom Pirates,Human,Alive,Mochi Mochi no Mi (Awakened),Grand Line (On a boat),"['Conquerors', 'Observation', 'Armament']",1057000000,Paramecia
237,Charlotte Kato,Big Mom Pirates,Human,Alive,Unknown,,,,Unknown
238,Charlotte Laurin,Big Mom Pirates,Human,Alive,Unknown,,,,Unknown
239,Charlotte Linlin [Big Mom],Big Mom Pirates,Human,Unknown,Soru Soru no Mi,Grand Line,"['Conquerors', 'Observation', 'Armament']",4388000000,Paramecia
240,Charlotte Lola,Rolling Pirates,Human,Alive,Unknown,Grand Line (Totto Land),,24000000,Unknown
241,Charlotte Maple,Big Mom Pirates,Human-Longarm hybrid,Alive,Unknown,,,,Unknown
242,Charlotte Marble,Big Mom Pirates,Human-Longarm hybrid,Alive,Unknown,,,,Unknown
243,Charlotte Marnier,Big Mom Pirates,Human,Alive,Unknown,,,,Unknown
244,Charlotte Mascarpone,Big Mom Pirates,Human-Snakeneck hybrid,Alive,Unknown,,,,Unknown
245,Charlotte Mash,Big Mom Pirates,Human,Alive,Unknown,,,,Unknown
246,Charlotte Melise,Big Mom Pirates,Human,Alive,Unknown,,,,Unknown
247,Charlotte Mobile,Big Mom Pirates,Human-Longarm hybrid,Alive,Unknown,,,,Unknown
248,Charlotte Mondée,Big Mom Pirates,Human-Snakeneck hybrid,Alive,Unknown,,,,Unknown
249,Charlotte Mont-dOr,Big Mom Pirates,Human,Alive,Buku Buku no Mi,Grand Line (On a boat),,120000000,Paramecia
250,Charlotte Montb,Big Mom Pirates,Human,Alive,Unknown,,,,Unknown
251,Charlotte Moscato,Big Mom Pirates,Human,Alive,Unknown,,,,Unknown
252,Charlotte Mozart,Big Mom Pirates,Human,Alive,Unknown,,,,Unknown
253,Charlotte Myukuru,Big Mom Pirates,Human-Longarm hybrid,Alive,Unknown,,,,Unknown
254,Charlotte Newgo,Big Mom Pirates,Human,Alive,Unknown,,,,Unknown
255,Charlotte Newichi,Big Mom Pirates,Human,Alive,Unknown,,,,Unknown
256,Charlotte Newji,Big Mom Pirates,Human,Alive,Unknown,,,,Unknown
257,Charlotte Newsan,Big Mom Pirates,Human,Alive,Unknown,,,,Unknown
258,Charlotte Newshi,Big Mom Pirates,Human,Alive,Gocha Gocha no Mi,,,,Paramecia
259,Charlotte Noisette,Big Mom Pirates,Human,Alive,Unknown,,,,Unknown
260,Charlotte Normande,Charlotte Family,Dosundada (Human-Dwarf hybrid),Alive,Unknown,,,,Unknown
261,Charlotte Nougat,Big Mom Pirates,Human,Alive,Unknown,,,,Unknown
262,Charlotte Nusstorte,Big Mom Pirates,Human,Alive,Unknown,,,,Unknown
263,Charlotte Nutmeg,Big Mom Pirates,Human,Alive,Unknown,,,,Unknown
264,Charlotte Opera,Big Mom Pirates,Human,Unknown,Kuri Kuri no Mi,,,,Paramecia
265,Charlotte Oven,Big Mom Pirates,Human,Alive,Netsu Netsu no Mi,Grand Line (On a boat),"['Observation', 'Armament']",300000000,Paramecia
266,Charlotte Panna,Big Mom Pirates,Human,Alive,Unknown,,,,Unknown
267,Charlotte Perospero,Big Mom Pirates,Human,Alive,Pero Pero no Mi,Grand Line (At a random port),"['Observation', 'Armament']",700000000,Paramecia
268,Charlotte Poire,Big Mom Pirates,Human,Alive,Unknown,,,,Unknown
269,Charlotte Praline,Sun Pirates,Merfolk-Human hybrid,Alive,Unknown,Grand Line (Totto Land),,,Unknown
270,Charlotte Prim,Big Mom Pirates,Merfolk-Human hybrid,Alive,Unknown,Grand Line (Totto Land),,,Unknown
271,Charlotte Pudding,Big Mom Pirates,Human-Three-Eye hybrid,Alive,Memo Memo no Mi,Grand Line (Totto Land),,,Paramecia
272,Charlotte Raisin,Big Mom Pirates,Human,Alive,Unknown,,['Armament'],,Unknown
273,Charlotte Saint-Marc,Big Mom Pirates,Human,Alive,Unknown,,,,Unknown
274,Charlotte Smoothie,Big Mom Pirates,Human-Longleg hybrid,Alive,Shibo Shibo no Mi,Grand Line (Totto Land),"['Observation', 'Armament']",932000000,Paramecia
275,Charlotte Snack,Big Mom Pirates,Human,Alive,Unknown,,,600000000,Unknown
276,Charlotte Tablet,Big Mom Pirates,Human,Alive,Unknown,,,,Unknown
277,Charlotte Wafers,Charlotte Family,Human,Alive,Unknown,,,,Unknown
278,Charlotte Wiro,Charlotte Family,Human-Snakeneck hybrid,Alive,Unknown,,,,Unknown
279,Charlotte Yuen,Big Mom Pirates,Human,Alive,Unknown,,,,Unknown
280,Charlotte Zuccotto,Big Mom Pirates,Human,Alive,Unknown,,,,Unknown
281,Chess,Drum Kingdom (former),Human,Alive,Unknown,Grand Line (Drum Kingdom),,,Unknown
282,Chesskippa,,Human,Unknown,Unknown,,,,Unknown
283,Chessmarimo,Drum Kingdom (former),Human,Alive,Unknown,,,,Unknown
284,Chew,Arlong Pirates,Fish-man,Alive,Unknown,Grand Line (Ryugu Kingdom),,5500000,Unknown
285,Chichilisia,Niho Navy,Human,Alive,Unknown,,,,Unknown
286,Chicken,,Human,Alive,Unknown,East Blue (Goa Kingdom),,,Unknown
287,Chicory,Tontatta Kingdom,Dwarf,Alive,Unknown,,,,Unknown
288,Chihaya,,Human,Alive,Unknown,,,,Unknown
289,Chimney,Kokoro,Merfolk-Human hybrid,Alive,Unknown,Grand Line (Water 7),,,Unknown
290,Chinjao,Chinjao Family,Human,Alive,Unknown,West Blue (Kano Country),"['Conquerors', 'Observation', 'Armament']",542000000,Unknown
291,Chiya,Shandia,Moon people - Shandian,Deceased,Unknown,Grand Line (Jaya),,,Unknown
292,Cho,,Human,Alive,Unknown,,,,Unknown
293,Chochinman,Beasts Pirates,Human,Alive,Phasmid SMILE,,,,Zoan
294,Chocho,,Human,Alive,Unknown,,,,Unknown
295,Choco Police,Cacao Island,Human,Unknown,Unknown,,,,Unknown
296,Chocolat,Fake Straw Hat Crew,Human,Unknown,Unknown,East Blue,,,Unknown
297,Choi,Whitebeard Pirates,Human,Alive,Unknown,,,,Unknown
298,Chokyumei-no Chosuke,,Human,Alive,Unknown,,,,Unknown
299,Chome,Beasts Pirates,Human,Alive,Unknown,Grand Line (Wano Country),,,Unknown
300,Chouchou,Hocker,Animal,Alive,Unknown,East Blue (Organ Islands),,,Unknown
301,Chuchun,Foxy Pirates (former),Animal,Alive,Unknown,,,,Unknown
302,Chuji,,Animal,Alive,Unknown,,,,Unknown
303,Clapp,,Buccaneer,Deceased,Unknown,South Blue (Sorbet Kingdom),,,Unknown
304,Clione,Heart Pirates,Human,Unknown,Unknown,,,,Unknown
305,Clou D. Clover,Ohara Archaeologists,Human,Deceased,Unknown,West Blue (Ohara),,,Unknown
306,Coburn,Shandia,Moon people - Shandian,Deceased,Unknown,Grand Line (Jaya),,,Unknown
307,Cocoa,Fake Straw Hat Crew,Human,Alive,Unknown,East Blue,,,Unknown
308,Cocox,Island of Rare Animals,Animal,Alive,Unknown,East Blue (Island of Rare Animals),,,Unknown
309,Colon,,Giant-Human hybrid,Alive,Unknown,,,,Unknown
310,Colscon,Whitebeard Pirates,Human,Alive,Unknown,,,,Unknown
311,Columbus,Yonta Maria Grand Fleet,Human,Alive,Unknown,,,,Unknown
312,Comil,Marines,Human,Alive,Unknown,,['Armament'],500000000,Unknown
313,Compo,Kid Pirates,Human,Unknown,Unknown,,,,Unknown
314,Concelot,Mokomo Dukedom,Mink,Alive,Unknown,Grand Line (Mokomo Dukedom),,,Unknown
315,Conis,Pumpkin Cafe,Moon people - Skypiean,Alive,Unknown,Grand Line (Skypiea),,,Unknown
316,Conney,,Human,Alive,Unknown,South Blue (Sorbet Kingdom),,,Unknown
317,Corgi,World Government,Human,Alive,Unknown,,,,Unknown
318,Coribou,Caribou Pirates,Human,Alive,Unknown,North Blue,,190000000,Unknown
319,Cornelia,Spade Pirates,Human,Alive,Unknown,,,,Unknown
320,Cosette,Germa Kingdom,Human,Alive,Unknown,,,,Unknown
321,Cosmo,Automata,Robot,Alive,Unknown,,,,Unknown
322,Cosmos,Kuja,Human,Alive,Unknown,Calm Belt (Amazon Lily),['Armament'],,Unknown
323,Cotton,Tontatta Kingdom,Dwarf,Alive,Unknown,,,,Unknown
324,Couran,Cameron Kingdom,Human,Alive,Unknown,,,,Unknown
325,Cowboy,Arabasta Kingdom,Animal,Alive,Unknown,,,,Unknown
326,Crocodile,Cross Guild,Human,Alive,Suna Suna no Mi,Grand Line,"['Observation', 'Armament']",1965000000,Logia
327,Crocus,Laboon,Human,Alive,Unknown,Grand Line,['Observation'],,Unknown
328,Curiel,Whitebeard Pirates,Human,Alive,Unknown,Grand Line,,,Unknown
329,Curly Dadan,Dadan Family,Human,Alive,Unknown,East Blue,,7800000,Unknown
330,Cyrano,D.R.,Human,Deceased,Unknown,,,,Unknown
331,D.R.,Cyrano,Human,Deceased,Unknown,,,1800000,Unknown
332,Dachoman,Beasts Pirates,Human,Alive,Ostrich SMILE,,,,Zoan
333,Daddy Dee,World Government,Human,Alive,Unknown,East Blue (Conomi Islands),,,Unknown
334,Dagama,Prodence Kingdom,Human,Alive,Unknown,,,,Unknown
335,Dago,Franky Family,Human,Alive,Unknown,,,,Unknown
336,Daidalos,,Animal,Deceased,Unknown,Grand Line (Ryugu Kingdom),,,Unknown
337,Daifugo,Beasts Pirates,Human,Alive,Scorpion SMILE,,,,Zoan
338,Daigin,Marines,Human,Alive,Unknown,West Blue,,100000000,Unknown
339,Daikoku,Beasts Pirates,Human,Alive,Unknown,Grand Line (Wano Country),,,Unknown
340,Daikon,Tontatta Kingdom,Dwarf,Alive,Unknown,,,,Unknown
341,Daisy,Kuja,Human,Alive,Unknown,Calm Belt (Amazon Lily),['Armament'],,Unknown
342,Dalmatian,Marines,Human,Alive,Unnamed Dalmatian Zoan,,['Armament'],500000000,Zoan
343,Dalton,Sakura Kingdom,Human,Alive,"Ushi Ushi no Mi, Model: Bison",Grand Line (Drum Kingdom),,,Zoan
344,Damask,,Human,Alive,Unknown,,,,Unknown
345,Daruma,New Fish-Man Pirates,Fish-man,Alive,Unknown,Grand Line (Ryugu Kingdom),,,Unknown
346,Dashiteyaro,Kurozumi Family,Human,Alive,Unknown,,,,Unknown
347,Davy D. Jones,Davy Family,Human,Deceased,Unknown,,,,Unknown
348,Davy D. Xebec [Rocks],Rocks Pirates,Human,Deceased,Unknown,West Blue (God Valley),"['Conquerors', 'Armament']",,Unknown
349,Daz Bonez [Mr. 1],Cross Guild,Human,Alive,Supa Supa no Mi,West Blue,,75000000,Paramecia
350,DDT,Giant Warrior Pirates,Giant,Alive,Unknown,,,,Unknown
351,Decalvan Brothers,Whitebeard Pirates,Human,Alive,Unknown,,,,Unknown
352,Deigoro,,Human,Alive,Unknown,,,,Unknown
353,Delacuaji,Whitebeard Pirates,Human,Alive,Unknown,,,,Unknown
354,Dellinger,Donquixote Pirates,Human-Fish-man hybrid,Alive,Unknown,North Blue,,15000000,Unknown
355,Demalo Black,Fake Straw Hat Crew,Human,Alive,Unknown,East Blue,,26000000,Unknown
356,Demoni Aiyo,,Human,Alive,Unknown,,,,Unknown
357,Den,,Merfolk,Alive,Unknown,Grand Line (Ryugu Kingdom),,,Unknown
358,Denjiro,Kouzuki Family,Human,Alive,Unknown,Grand Line (Wano Country),"['Observation', 'Armament']",,Unknown
359,Devil Dias,Acumate Pirates,Human,Unknown,Unknown,,,60000000,Unknown
360,Diamante,Donquixote Pirates,Human,Alive,Hira Hira no Mi,North Blue,"['Observation', 'Armament']",99000000,Paramecia
361,Didit,Goa Kingdom,Human,Alive,Unknown,,,,Unknown
362,Diesel,Big Mom Pirates,Longarm,Alive,Unknown,,,,Unknown
363,Diez Barrels,Barrels Pirates,Human,Deceased,Unknown,,,,Unknown
364,Dirt Boss,Ukkari Hot-Spring Island,Animal,Alive,Unknown,,,,Unknown
365,Disc J,Kid Pirates,Human,Unknown,Unknown,,,,Unknown
366,Disco,Donquixote Doflamingo (former),Human,Alive,Unknown,Grand Line,,,Unknown
367,Dive,Kid Pirates,Human,Unknown,Unknown,,,,Unknown
368,Dobby Ibadonbo,,Human,Unknown,Unknown,,,,Unknown
369,Doberman,Marines,Human,Alive,Unknown,,['Armament'],500000000,Unknown
370,Dobon,Beasts Pirates,Human,Alive,Hippopotamus SMILE,,,,Zoan
371,Doc Q,Blackbeard Pirates,Human,Alive,Shiku Shiku no Mi,North Blue,,"At least 72,000,000",Paramecia
372,Dogra,Dadan Family,Human,Alive,Unknown,East Blue,,,Unknown
373,Dogya,Spade Pirates,Human,Alive,Unknown,,,,Unknown
374,Doha Ittanka II,,Human,Unknown,Unknown,,,,Unknown
375,Doll,Marines,Human,Alive,Unknown,,['Armament'],500000000,Unknown
376,Doma,Whitebeard Pirates,Human,Alive,Unknown,,,,Unknown
377,Domino,Impel Down,Human,Alive,Unknown,Grand Line,,,Unknown
378,Donannoyo,Beasts Pirates,Human,Alive,Unknown,,,,Unknown
379,Donovan,Foxy Pirates (former),Human,Alive,Unknown,,,,Unknown
380,Donquino,Roger Pirates,Human,Unknown,Unknown,,,,Unknown
381,Donquixote Doflamingo,Donquixote Pirates,Human,Alive,Ito Ito no Mi (Awakened),Red Line (Mary Geoise),"['Conquerors', 'Observation', 'Armament']",340000000,Paramecia
382,Donquixote Homing,World Government (Former),Human,Deceased,Unknown,,,,Unknown
383,Donquixote Mjosgard,World Government,Human,Deceased,Unknown,,,,Unknown
384,Donquixote Rosinante,Marines,Human,Deceased,Nagi Nagi no Mi,Red Line (Mary Geoise),,,Paramecia
385,Donquixote Shivercalero,World Government,Human,Alive,Unknown,,,,Unknown
386,Doran,,Human,Alive,Unknown,,,,Unknown
387,Doringo,Roger Pirates,Human,Unknown,Unknown,,,,Unknown
388,Dorry,Giant Warrior Pirates,Giant,Alive,Unknown,Grand Line (Elbaph),,1800000000,Unknown
389,Dosun,New Fish-Man Pirates,Fish-man,Alive,Unknown,Grand Line (Ryugu Kingdom),,,Unknown
390,Dotaku,Kouzuki Family,Human,Alive,Unknown,,,,Unknown
391,Doubt Brothers,Beasts Pirates,Human,Alive,Owl SMILE,,,,Zoan
392,Dracule Mihawk,Cross Guild,Human,Alive,Unknown,,"['Observation', 'Armament']",3590000000,Unknown
393,Dragon Number Thirteen,,Animal,Deceased,Unknown,,,,Unknown
394,Dragon Number Twenty-One,Caesar Clown (former),Animal,Unknown,Unknown,,,,Unknown
395,Draw,Marines,Human,Alive,Unknown,,['Armament'],500000000,Unknown
396,Drip,Fake Straw Hat Crew,Human,Alive,Unknown,East Blue,,,Unknown
397,Drophy [Miss Merry Christmas],New Spiders Cafe,Human,Alive,Mogu Mogu no Mi,Grand Line,,14000000,Zoan
398,Drug Peclo,Underworld,Human,Alive,Unknown,,,,Unknown
399,Ducky Bree,Spade Pirates,Human,Alive,Unknown,,,,Unknown
400,Duval,Rosy Life Riders,Human,Alive,Unknown,Grand Line,,,Unknown
401,Eddy,Bellamy Pirates,Human,Unknown,Unknown,North Blue (Notice),,,Unknown
402,Edison,Marines (SSG),Robot,Alive,Unknown,Grand Line (Egghead),,,Unknown
403,Edward Newgate [Whitebeard],Whitebeard Pirates,Human,Deceased,Gura Gura no Mi,Grand Line (Sphinx),"['Conquerors', 'Observation', 'Armament']",5046000000,Paramecia
404,Edward Weevil,Seven Warlords (former),Human,Alive,Unknown,Grand Line,"['Observation', 'Armament']",480000000,Unknown
405,Egana,,Human,Alive,Unknown,,,,Unknown
406,Eggplant Soldier,Big Mom Pirates,Human,Alive,Unknown,,,,Unknown
407,Eikon,Tontatta Kingdom,Dwarf,Alive,Unknown,,,,Unknown
408,Eiri,,Giant,Unknown,Unknown,,,,Unknown
409,Elbow,,Giant,Unknown,Unknown,,,,Unknown
410,Elizabello II,Prodence Kingdom,Human,Alive,Unknown,Grand Line (Prodence Kingdom),,,Unknown
411,Elmy,Whitebeard Pirates,Human,Alive,Unknown,,,,Unknown
412,Emet,,Robot,Unknown,Unknown,,,,Unknown
413,Emma,Kid Pirates,Human,Unknown,Unknown,,,,Unknown
414,Emporio Ivankov,Revolutionary Army,Human,Alive,Horu Horu no Mi,Grand Line (Kamabakka Kingdom),,"At least 100,000,000",Paramecia
415,Enel,Automata,Moon people - Birkan,Alive,Goro Goro no Mi,Sky Islands (Birka),['Observation'],,Logia
416,Enishida,Kuja,Human,Alive,Unknown,Calm Belt (Amazon Lily),['Armament'],,Unknown
417,Epoida,Whitebeard Pirates,Human,Alive,Unnamed Caterpillar Zoan,,,,Zoan
418,Époni,Germa Kingdom,Human,Alive,Unknown,,,,Unknown
419,Erik,Rebel Army (former),Human,Alive,Unknown,,,,Unknown
420,Erio,Roger Pirates,Human,Unknown,Unknown,,,,Unknown
421,Eris,Davy Family,Human,Deceased,Unknown,,,,Unknown
422,Esta,,Human,Alive,Unknown,,,,Unknown
423,Estrid,Warland Kingdom,Giant,Deceased,Unknown,Grand Line (Elbaph),,,Unknown
424,Ethanbaron V. Nusjuro,Five Elders,Human,Alive,Unknown,,"['Conquerors', 'Observation', 'Armament']",,Unknown
425,Ettara Chaunkai,,Human,Alive,Unknown,,,,Unknown
426,Eustass Kid,Kid Pirates,Human,Unknown,Jiki Jiki no Mi (Awakened),South Blue (Kutsukku Island),"['Conquerors', 'Observation', 'Armament']",3000000000,Paramecia
427,Farafra,Rebel Army (former),Human,Alive,Unknown,,,,Unknown
428,Farul,Beautiful Pirates,Animal,Alive,Unknown,,,,Unknown
429,Faust,Hawkins Pirates,Mink,Alive,Unknown,North Blue,,,Unknown
430,Fen Bock,Caesar Clown (former),Human,Alive,Unknown,,,,Unknown
431,Figarland Garling,Five Elders,Human,Alive,Unknown,,,,Unknown
432,Figarland Shamrock,Knights of God,Human,Alive,Unknown,West Blue (God Valley),,,Unknown
433,Fillonce,Mermaid Café,Merfolk,Alive,Unknown,Grand Line (Ryugu Kingdom),,,Unknown
434,Finamore,Spade Pirates,Human,Alive,Unknown,,,,Unknown
435,Fishbonen,Marines ,Human,Alive,Unknown,,,,Unknown
436,Fisher Tiger,Sun Pirates,Fish-man,Deceased,Unknown,Grand Line (Ryugu Kingdom),,230000000,Unknown
437,Flapper,Tontatta Kingdom,Dwarf,Alive,Unknown,,,,Unknown
438,Flare,Gérard,Human,Deceased,Unknown,,,,Unknown
439,Footbianco,Franky Family,Human,Alive,Unknown,,,,Unknown
440,Forest Boss,Ukkari Hot-Spring Island,Animal,Alive,Unknown,,,,Unknown
441,Forliewbs,Whitebeard Pirates,Human,Alive,Unknown,,,,Unknown
442,Fossa,Whitebeard Pirates,Human,Alive,Unknown,North Blue,,,Unknown
443,Fourtricks,Beasts Pirates,Human,Alive,Chicken SMILE,,,,Zoan
444,Foxy,Foxy Pirates,Human,Alive,Noro Noro no Mi,South Blue,,24000000,Paramecia
445,Francois,Newkama Land (former),Human,Alive,Unknown,,,,Unknown
446,Cutty Flam [Franky],Straw Hat Pirates,Human,Alive,Unknown,South Blue,,394000000,Unknown
447,Fuga,Beasts Pirates (Numbers),Artificial Giant,Alive,Horse SMILE (4),Grand Line (Punk Hazard),,,Zoan
448,Fugar,Social Club,Human,Alive,Unknown,,,,Unknown
449,Fugetsu Kisaburo,,Human,Unknown,Unknown,,,,Unknown
450,Fugetsu Omusubi,,Human,Deceased,Unknown,Grand Line (Wano Country),,,Unknown
451,Fujin,Beasts Pirates,Human,Alive,Unknown,Grand Line (Wano Country),,,Unknown
452,Fukaboshi,Ryugu Kingdom,Merfolk,Alive,Unknown,Grand Line (Ryugu Kingdom),,,Unknown
453,Fukumi,,Human,Deceased,Unknown,,,,Unknown
454,Fukurokuju,Kurozumi Family,Human,Unknown,Unknown,Grand Line (Wano Country),,,Unknown
455,Fukurou,CP0,Human,Alive,Unknown,Grand Line,,,Unknown
456,Fullbody,Marines,Human,Alive,Unknown,North Blue,,1000000,Unknown
457,Funkfreed,CP0,Object,Alive,Zou Zou no Mi,,,,Zoan
458,Furika,,Human,Alive,Unknown,,,,Unknown
459,Furrari,Nagagutsu Kingdom,Human,Alive,Unknown,,,,Unknown
460,Fuza,God's Army (former),Animal,Alive,Unknown,,,,Unknown
461,Gab,Red Hair Pirates,Human,Alive,Unknown,,,,Unknown
462,Gaburu,Reformation Army,Human,Deceased,Unknown,,,,Unknown
463,Gaimon,,Human,Alive,Unknown,East Blue,,,Unknown
464,Gal,Marines ,Human,Alive,Unknown,,,,Unknown
465,Galaxy,Automata,Robot,Alive,Unknown,,,,Unknown
466,Galdino [Mr. 3],Cross Guild,Human,Alive,Doru Doru no Mi,South Blue,,24000000,Paramecia
467,Gally,Gally Pirates,Human,Alive,Unknown,,,,Unknown
468,Gama Pyonnosuke,,Animal,Alive,Unknown,,,,Unknown
469,Gambia,Barto Club,Human,Unknown,Unknown,,,67000000,Unknown
470,Gambo,Revolutionary Army,Human,Alive,Unknown,,,,Unknown
471,Gan Fall,Skypiea,Moon people - Skypiean,Alive,Unknown,Grand Line (Skypiea),,,Unknown
472,Gancho,Tontatta Kingdom,Dwarf,Alive,Unknown,,,,Unknown
473,Gangaru,Beasts Pirates,Human,Alive,Unknown,,,,Unknown
474,Gantonio,Giant Warrior Pirates,Giant,Alive,Unknown,,,,Unknown
475,Ganryu,Spade Pirates,Longarm,Alive,Unknown,,,,Unknown
476,Ganryu,Roger Pirates,Human,Unknown,Unknown,,,,Unknown
477,Ganzui,Thriller Bark Pirates,Human,Deceased,Bomu Bomu no Mi,,,,Paramecia
478,Garudan,Beasts Pirates,Human,Alive,Unknown,,,,Unknown
479,Gatherine,World Government,Human,Unknown,Unknown,,,,Unknown
480,Gattenshochinosukeo,,Human,Alive,Unknown,,,,Unknown
481,Gatz,Corrida Colosseum,Human,Alive,Unknown,,,,Unknown
482,Gazelleman,Beasts Pirates,Human,Alive,Gazelle SMILE,,,,Unknown
483,Gedatsu,Ukkari Hot-Spring Island,Moon people - Birkan,Alive,Unknown,Sky Islands (Birka),['Observation'],,Unknown
484,Gem [Mr. 5],New Spiders Cafe,Human,Alive,Bomu Bomu no Mi,South Blue,,10000000,Paramecia
485,Genbo,God's Guards,Moon people - Shandian,Alive,Unknown,Sky Islands (Skypiea),,,Unknown
486,Genrin,,Human,Alive,Unknown,,,,Unknown
487,Genzo,Cocoyasi Village,Human,Alive,Unknown,East Blue (Conomi Islands),,,Unknown
488,George Black,,Human,Unknown,Unknown,,,"At least 100,000,000",Unknown
489,George Mach,Foxy Pirates (former),Human,Alive,Unknown,,,,Unknown
490,Gerd,New Giant Warrior Pirates,Giant,Alive,Unknown,Grand Line (Elbaph),,,Unknown
491,Gerotini,Puddle Pirates,Human,Alive,Unknown,,,,Unknown
492,Giberson,Underworld,Human,Alive,Unknown,,,,Unknown
493,Gig,Kid Pirates,Human,Unknown,Unknown,,,,Unknown
494,Gill Bastar,Thriller Bark Pirates,Human,Deceased,Horo Horo no Mi,,,,Paramecia
495,Gimlet,,Human,Deceased,Unknown,,,,Unknown
496,Gin,Krieg Pirates,Human,Alive,Unknown,East Blue,,12000000,Unknown
497,Gina,Foxy Pirates (former),Human,Alive,Unknown,,,,Unknown
498,Ginko,,Human,Alive,Unknown,,,,Unknown
499,Ginnosuke,,Human,Alive,Unknown,,,,Unknown
500,Ginny,Revolutionary Army,Human,Deceased,Unknown,Grand Line (Porco Kingdom),,190000000,Unknown
501,Ginrummy,Beasts Pirates,Human,Unknown,Squirrel SMILE,,,,Zoan
502,Giolla,Donquixote Pirates,Human,Alive,Ato Ato no Mi,North Blue,,,Paramecia
503,Gion [Momousagi],Marines,Human,Alive,Unknown,,['Armament'],500000000,Unknown
504,Giovanni,Mokomo Dukedom,Mink,Alive,Unknown,Grand Line (Mokomo Dukedom),,,Unknown
505,Giro Chintaro,,Human,Alive,Unknown,,,,Unknown
506,Gismonda,CP0,Human,Alive,Unknown,,,,Unknown
507,Gladius,Donquixote Pirates,Human,Alive,Pamu Pamu no Mi,North Blue,,31000000,Paramecia
508,Gloriosa,Kuja,Human,Alive,Unknown,Calm Belt (Amazon Lily),['Armament'],,Unknown
509,Glove,Marines,Human,Alive,Unknown,,,,Unknown
510,Glutbunny [Ear God],,Animal,Deceased,Unknown,,,,Unknown
511,Gode,God's Army (former),Moon people - Birkan,Unknown,Unknown,,,,Unknown
512,Goki,Beasts Pirates (Numbers),Artificial Giant,Alive,Unknown,Grand Line (Punk Hazard),,,Unknown
513,Gol D. Roger,Roger Pirates,Human,Deceased,Unknown,East Blue (Loguetown),"['Conquerors', 'Observation', 'Armament']",5564800000,Unknown
514,Goldberg,New Giant Warrior Pirates,Giant,Alive,Unknown,Grand Line (Elbaph),,,Unknown
515,Goldfish Princess,Goldfish Empire,Animal,Alive,Unknown,,,,Unknown
516,Gomorrah,Franky Family,Animal,Alive,Unknown,,,,Unknown
517,Gonbe,Chimney,Animal,Alive,Unknown,,,,Unknown
518,Goo,,Human,Alive,Unknown,,,,Unknown
519,Googly-Eyed,Poseidon,Animal,Alive,Unknown,,,,Unknown
520,Gorilla,Marines,Human,Alive,Unknown,,,100000000,Unknown
521,Gorishiro,Beasts Pirates,Devil Fruit creation,Alive,Unknown,,,,Unknown
522,Goro,Ukkari Hot-Spring Island,Human,Alive,Unknown,,,,Unknown
523,Gorobe,,Human,Unknown,Unknown,,,,Unknown
524,Gotti,Fire Tank Pirates,Human,Alive,Unknown,West Blue,,90000000,Unknown
525,Grabar,Tontatta Kingdom,Dwarf,Alive,Unknown,,,,Unknown
526,Gram,Ohara Archaeologists,Human,Deceased,Unknown,,,,Unknown
527,Great Michael,Whitebeard Pirates,Human,Alive,Unknown,,,,Unknown
528,Guernika,CP0,Human,Deceased,Unknown,West Blue,"['Observation', 'Armament']",,Unknown
529,Guillotine,Marines,Human,Alive,Unknown,,['Armament'],500000000,Unknown
530,Gurutaro,Mimawarigumi,Human,Unknown,Unknown,,,,Unknown
531,Gyaro,Macro Pirates,Fish-man,Alive,Unknown,Grand Line (Ryugu Kingdom),,,Unknown
532,Gyogyo,Bonney Pirates,Human,Alive,Unknown,South Blue,,,Unknown
533,Gyoro,Thriller Bark Pirates,Devil Fruit creation,Deceased,Unknown,,,,Unknown
534,Gyoru,,Human,Alive,Unknown,East Blue (Goa Kingdom),,,Unknown
535,Gyro,Gyro Pirates,Human,Alive,Unknown,,,73000000,Unknown
536,Hack ,Revolutionary Army,Fish-man,Alive,Unknown,Grand Line (Ryugu Kingdom),,,Unknown
537,Hack,Ohara Archaeologists,Human,Deceased,Unknown,,,,Unknown
538,Hajrudin,New Giant Warrior Pirates,Giant,Alive,Unknown,Grand Line (Elbaph),,,Unknown
539,Hakowan,Wapol,Animal,Alive,Unknown,,,,Unknown
540,Hakugan,Heart Pirates,Human,Unknown,Unknown,North Blue (Welbems Island),,,Unknown
541,Ham Burger,Ballywood Kingdom,Human,Alive,Unknown,,,,Unknown
542,Hamburg,Foxy Pirates,Human,Alive,Unknown,,,,Unknown
543,Hamlet,Beasts Pirates,Human,Alive,Giraffe SMILE,,,,Zoan
544,Hammond,New Fish-Man Pirates,Fish-man,Alive,Unknown,Grand Line (Ryugu Kingdom),,,Unknown
545,Han,,Human,Alive,Unknown,,,,Unknown
546,Hana,,Human,Unknown,Unknown,,,,Unknown
547,Hanafuda,Seven Warlords (former),Human,Unknown,Unknown,,,,Unknown
548,Hangan,Whitebeard Pirates,Human,Alive,Unknown,,,,Unknown
549,Hanger,Robecca Hanberg,Human,Alive,Unknown,East Blue,,,Unknown
550,Hanji,,Human,Alive,Unknown,,,,Unknown
551,Hanji,,Human,Alive,Unknown,,,,Unknown
552,Hannyabal,Impel Down,Human,Alive,Unknown,South Blue,,,Unknown
553,Hanzo,Beasts Pirates,Human,Alive,Unknown,Grand Line (Wano Country),,,Unknown
554,Happa Yamao,,Human,Alive,Unknown,,,,Unknown
555,Happygun,Whitebeard Pirates,Human,Alive,Unknown,,,,Unknown
556,Hara,,Human,Alive,Unknown,,,,Unknown
557,Harald,Warland Kingdom,Giant,Deceased,Unknown,Grand Line (Elbaph),['Conquerors'],,Unknown
558,Haredas,,Moon people - Birkan,Alive,Unknown,Sky Islands (Birka),,,Unknown
559,Hareji,,Human,Alive,Unknown,,,,Unknown
560,Haritsu Kendiyo,,Human,Unknown,Unknown,,,,Unknown
561,Haruta,Whitebeard Pirates,Human,Alive,Unknown,South Blue,,,Unknown
562,Hasami,Ukkari Hot-Spring Island,Animal,Alive,Unknown,,,,Unknown
563,Hatcha,Beasts Pirates (Numbers),Artificial Giant,Alive,Unknown,Grand Line (Punk Hazard),,,Unknown
564,Hatchan,Takoyaki 8,Fish-man,Alive,Unknown,,,8000000,Unknown
565,Hatsume,Beasts Pirates,Human,Alive,Unknown,,,,Unknown
566,Hattori,CP0,Animal,Alive,Unknown,,,,Unknown
567,Hawkman,Beasts Pirates,Human,Alive,Hawk SMILE,,,,Zoan
568,Heat,Kid Pirates,Human,Unknown,Unknown,South Blue (Kutsukku Island),,,Unknown
569,Helmeppo,Marines (SWORD),Human,Alive,Unknown,,['Armament'],"100,000,000 [Cross Guild]",Unknown
570,Heppoko,Alvida Pirates (disbanded),Human,Alive,Unknown,East Blue,,,Unknown
571,Hera,,Human,Alive,Unknown,,,,Unknown
572,Hera,Big Mom Pirates,Object,Unknown,Unknown,Grand Line (Onigashima),,,Unknown
573,Heracles,,Human,Alive,Unknown,South Blue,,,Unknown
574,Herb,Shandia,Moon people - Shandian,Deceased,Unknown,,,,Unknown
575,Hewitt,Bellamy Pirates,Human,Unknown,Unknown,North Blue (Notice),,,Unknown
576,Hibari,Marines (SWORD),Human,Alive,Unknown,North Blue,"['Observation', 'Armament']","200,000,000 [Cross Guild]",Unknown
577,Hidayu,Kouzuki Family,Human,Alive,Unknown,,,,Unknown
578,Higuma,Higuma Bandits,Human,Deceased,Unknown,East Blue,,8000000,Unknown
579,Hihimaru,Beasts Pirates,Animal,Alive,Unknown,,,,Unknown
580,Hikkomitsukumai,Kurozumi Family,Human,Alive,Unknown,,,,Unknown
581,Hikoichi,Arabasta Kingdom,Animal,Alive,Unknown,,,,Unknown
582,Hildon,Thriller Bark Pirates,Devil Fruit creation,Deceased,Unknown,,,,Unknown
583,Hilmungardr,,Animal,Alive,Unknown,,,,Unknown
584,Himuro,Beasts Pirates,Human,Alive,Unknown,,,,Unknown
585,Hina,Marines,Human,Alive,Ori Ori no Mi,West Blue,,200000000,Paramecia
586,Hinokizu,,Human,Alive,Unknown,,,,Unknown
587,Hip,Kid Pirates,Human,Unknown,Unknown,,,,Unknown
588,Hippan Natte,Beasts Pirates,Human,Alive,Unknown,,,,Unknown
589,Hippie,Endurance Curry Pirates,Human,Alive,Unknown,,,,Unknown
590,Hippo Gentleman,Thriller Bark Pirates,Animal,Deceased,Unknown,,,,Unknown
591,Hiramera,Mermaid Café,Merfolk,Alive,Unknown,Grand Line (Ryugu Kingdom),,,Unknown
592,Hiriluk,,Human,Deceased,Unknown,Grand Line (Drum Kingdom),,,Unknown
593,Hiro Gomon,Endurance Curry Pirates,Human,Alive,Unknown,,,,Unknown
594,Hiroshi,,Human,Alive,Unknown,,,,Unknown
595,Hitsugisukan,Mokomo Dukedom,Mink,Unknown,Unknown,,,,Unknown
596,Ho,Arabasta Kingdom,Human,Alive,Unknown,,,,Unknown
597,Hocha,Ohara Archaeologists,Human,Deceased,Unknown,,,,Unknown
598,Hocker,Chouchou,Human,Deceased,Unknown,East Blue (Orange Town),,,Unknown
599,Hody Jones,New Fish-Man Pirates,Fish-man,Alive,Unknown,Grand Line (Ryugu Kingdom),,,Unknown
600,Hoe,Ryugu Kingdom,Animal,Alive,Unknown,,,,Unknown
601,Hogback,Thriller Bark Pirates,Human,Alive,Unknown,West Blue,,,Unknown
602,Hoichael,,Human,Alive,Unknown,,,,Unknown
603,Hoisassa,Kurozumi Family,Human,Alive,Horse SMILE (2),,,,Zoan
604,Holedem,Beasts Pirates,Human,Alive,Lion SMILE,Grand Line (Wano Country),,,Unknown
605,Holy,God's Army (former),Animal,Alive,Unknown,,,,Unknown
606,Home,Mt. Atama Thieves,Animal,Alive,Unknown,,,,Unknown
607,Hongo,Red Hair Pirates,Human,Alive,Unknown,,,,Unknown
608,Honner,Lvneel Kingdom,Human,Deceased,Unknown,North Blue (Lvneel Kingdom),,,Unknown
609,Hop,Kid Pirates,Human,Unknown,Unknown,,,,Unknown
610,Horseman,Beasts Pirates,Human,Alive,Horse SMILE (3),,,,Zoan
611,Hotei,Beasts Pirates,Human,Alive,Unknown,,,,Unknown
612,Hotori,God's Army (former),Moon people - Birkan,Unknown,Unknown,Sky Islands (Birka),['Observation'],,Unknown
613,Hototogisu,Marines,Human,Alive,Unknown,,['Armament'],500000000,Unknown
614,Hound,Marines,Human,Alive,"Inu Inu no Mi, Model: Hound",,['Armament'],500000000,Zoan
615,House,Kid Pirates,Human,Unknown,Unknown,,,,Unknown
616,Hublot,Spade Pirates,Human,Alive,Unknown,,,,Unknown
617,Humphrey,Sabaody Archipelago,Human,Alive,Unknown,,,,Unknown
618,Hustle,Krieg Pirates,Human,Alive,Unknown,East Blue,,,Unknown
619,Hyota,Arabasta Kingdom,Human,Deceased,Unknown,,,,Unknown
620,Hyougoro,Hyougoro Family (former),Human,Alive,Unknown,,"['Observation', 'Armament']",,Unknown
621,Hyoutauros,Caesar Clown (former),Human,Alive,Unknown,,,,Unknown
622,Hyouzou,New Fish-Man Pirates,Merfolk,Alive,Unknown,Grand Line (Ryugu Kingdom),,,Unknown
623,Ibiributsu,Beasts Pirates,Human,Alive,Unknown,,,,Unknown
624,Ibusu,Doerena Kingdom,Human,Alive,Unknown,,,,Unknown
625,Iceburg,Galley-La Company,Human,Alive,Unknown,Grand Line (Water 7),,,Unknown
626,Ichika,,Merfolk,Alive,Unknown,Grand Line (Ryugu Kingdom),,,Unknown
627,Ida,,Giant,Deceased,Unknown,South Blue (Samuwanai Island),,,Unknown
628,Ideaman,Krieg Pirates,Human,Alive,Unknown,East Blue,,,Unknown
629,Ideo,Ideo Pirates,Longarm,Alive,Unknown,Grand Line,,,Unknown
630,Igaram,Arabasta Kingdom,Human,Alive,Unknown,Grand Line (Arabasta Kingdom),,,Unknown
631,Ikaros Much,New Fish-Man Pirates,Fish-man,Alive,Unknown,Grand Line (Ryugu Kingdom),,,Unknown
632,Ikkaku ,Heart Pirates,Human,Unknown,Unknown,,,,Unknown
633,Ikkaku,,Human,Alive,Unknown,,,,Unknown
634,Inazuma,Revolutionary Army,Human,Alive,Choki Choki no Mi,South Blue,,"At least 100,000,000",Paramecia
635,Inbi,Beasts Pirates (Numbers),Artificial Giant,Alive,Unknown,Grand Line (Punk Hazard),,,Unknown
636,Indigo,Golden Lion Pirates,Human,Alive,Unknown,,,,Unknown
637,Inhel,Tontatta Kingdom,Dwarf,Alive,Unknown,,,,Unknown
638,Inoichibannosuke,,Human,Alive,Unknown,,,,Unknown
639,Inuarashi,Mokomo Dukedom,Mink,Alive,Unknown,Grand Line (Mokomo Dukedom),"['Observation', 'Armament']",,Unknown
640,Inukai,,Human,Alive,Unknown,,,,Unknown
641,Inuppe,Thriller Bark Pirates,Animal,Deceased,Unknown,,,,Unknown
642,Ipponmatsu,Loguetown Arms Shop,Human,Alive,Unknown,East Blue (Loguetown),,,Unknown
643,Ipponume,Loguetown Arms Shop,Human,Alive,Unknown,East Blue,,,Unknown
644,Isa,Shandia,Moon people - Shandian,Alive,Unknown,,,,Unknown
645,Iscat,,Animal,Alive,Unknown,,,,Unknown
646,Ishigo Shitemanna,,Human,Alive,Unknown,,,,Unknown
647,Ishilly,Mermaid Café,Merfolk,Alive,Unknown,Grand Line (Ryugu Kingdom),,,Unknown
648,Island Eater,,Animal,Deceased,Unknown,Grand Line,,,Unknown
649,Islewan,Whitebeard Pirates,Human,Alive,Unknown,,,,Unknown
650,Issho [Fujitora],Marines,Human,Alive,Zushi Zushi no Mi,Grand Line (Aoi Kingdom),"['Observation', 'Armament']",3000000000,Paramecia
651,Isuka,Marines,Human,Alive,Unknown,,,1000000,Unknown
652,Itomimizu,Foxy Pirates (former),Human,Alive,Unknown,,,,Unknown
653,Ivan X,Arabasta Kingdom,Animal,Alive,Unknown,,,,Unknown
654,Iwatobi,Whiteland Kingdom,Human,Alive,Unknown,,,,Unknown
655,Iyan'eno Chinode,World Economy News Paper,Human,Alive,Unknown,,,,Unknown
656,Izou,Whitebeard Pirates,Human,Deceased,Unknown,Grand Line (Wano Country),"['Observation', 'Armament']",510000000,Unknown
657,Jabari,CP6,Human,Alive,Unknown,,,,Unknown
658,Jabra,CP0,Human,Alive,"Inu Inu no Mi, Model: Wolf",North Blue,"['Observation', 'Armament']",,Zoan
659,Jack,Beasts Pirates,Fish-man,Alive,"Zou Zou no Mi, Model: Mammoth",Grand Line,"['Observation', 'Armament']",1000000000,Zoan
660,Jack-in-the-box,Thriller Bark Pirates,Devil Fruit creation,Deceased,Unknown,,,,Unknown
661,Jacksonbanner,Roger Pirates,Human,Unknown,Unknown,,,,Unknown
662,Jaguar,Kid Pirates,Human,Unknown,Unknown,,,,Unknown
663,Jaguar D. Saul,Walrus School,Giant,Alive,Unknown,South Blue,['Armament'],,Unknown
664,Jaki,Beasts Pirates (Numbers),Artificial Giant,Alive,Unknown,Grand Line (Punk Hazard),,,Unknown
665,Jalmack,World Government,Human,Alive,Unknown,,,,Unknown
666,Jango,Marines,Human,Alive,Unknown,East Blue,,1000000,Unknown
667,Jarul,Giant Warrior Pirates (former),Giant,Alive,Unknown,Grand Line (Elbaph),,,Unknown
668,Jaygarcia Saturn,Five Elders,Human,Deceased,Unknown,,"['Conquerors', 'Observation']",,Unknown
669,Jean Ango,,Human,Alive,Unknown,,,,Unknown
670,Jean Bart,Heart Pirates,Human,Unknown,Unknown,,,,Unknown
671,Jean Goen,,Human,Alive,Unknown,Grand Line,,"Less than 15,000,000",Unknown
672,Jean Noueilles,New Fish-Man Pirates,Fish-man,Alive,Unknown,Grand Line (Ryugu Kingdom),,,Unknown
673,Jeep,South Fire Kingdom,Human,Alive,Unknown,,,,Unknown
674,Jeet,Ideo Pirates,Human,Alive,Unknown,,,,Unknown
675,Jero,Marines ,Human,Alive,Unknown,,,,Unknown
676,Jerry,CP6,Human,Alive,Unknown,South Blue (Karate Island),,,Unknown
677,Jesus Burgess,Blackbeard Pirates,Human,Alive,Riki Riki no Mi,Grand Line,"['Observation', 'Armament']","At least 20,000,000",Paramecia
678,Jew Wall,,Human,Unknown,Unknown,,,,Unknown
679,Jewelry Bonney,Bonney Pirates,Human,Alive,Toshi Toshi no Mi,Red Line (Mary Geoise),['Armament'],320000000,Paramecia
680,Jibuemon,Kouzuki Family,Human,Alive,Unknown,,,,Unknown
681,Jigoku Benten,Beasts Pirates,Human,Alive,Unknown,Grand Line (Wano Country),,,Unknown
682,Jigokukamabuta Megatenpanchiro,Shimotsuki Family,Human,Unknown,Unknown,,,,Unknown
683,Jigoro,Thriller Bark Pirates,Human,Deceased,Unknown,West Blue,,,Unknown
684,Jigra,Underworld,Human,Deceased,Unknown,,,,Unknown
685,Jinbe,Straw Hat Pirates,Fish-man,Alive,Unknown,Grand Line (Ryugu Kingdom),"['Observation', 'Armament']",1100000000,Unknown
686,Jiron,Revolutionary Army,Human,Alive,Unknown,,,,Unknown
687,Jobo,,Human,Alive,Unknown,,,,Unknown
688,Johanna,Walrus School,Giant,Alive,Unknown,,,,Unknown
689,John,Thriller Bark Pirates,Human,Deceased,Jiki Jiki no Mi,,,,Unknown
690,John Giant,Marines,Giant,Alive,Unknown,Grand Line (Elbaph),['Armament'],500000000,Unknown
691,Johnny,Yosaku,Human,Alive,Unknown,East Blue,,,Unknown
692,Jorge,World Government,Human,Unknown,Unknown,,,,Unknown
693,Jörmungandr,,Devil Fruit creation,Unknown,Unknown,,,,Unknown
694,Jorul,Giant Warrior Pirates (former),Giant,Deceased,Unknown,Grand Line (Elbaph),,,Unknown
695,Joseph,CP0,Longarm,Alive,Unknown,,,,Unknown
696,Joshu,Edison,Animal,Alive,Unknown,,,,Unknown
697,Joy Boy,,Human,Deceased,"Hito Hito no Mi, Model: Nika (Awakened)",Great Kingdom,['Conquerors'],,Zoan
698,Jozu,Whitebeard Pirates,Human,Alive,Kira Kira no Mi,West Blue,"['Observation', 'Armament']",,Paramecia
699,Judy,,Human,Alive,Unknown,Grand Line,,,Unknown
700,Jugemu Jugemuko,,Human,Alive,Unknown,,,,Unknown
701,Jujiro,Kouzuki Family,Human,Alive,Unknown,,,,Unknown
702,Juki,Beasts Pirates (Numbers),Artificial Giant,Alive,Unknown,Grand Line (Punk Hazard),,,Unknown
703,Julius,Whitebeard Pirates,Human,Alive,Unknown,,,,Unknown
704,Jumper,Beasts Pirates,Human,Alive,Chinese Grasshopper SMILE,,,,Zoan
705,Junan,Criminal,Fish-man,Alive,Unknown,Grand Line (Ryugu Kingdom),,,Unknown
706,Kabu,Tontatta Kingdom,Dwarf,Alive,"Mushi Mushi no Mi, Model: Kabutomushi",,,,Zoan
707,Kadar,Marines,Human,Unknown,Unknown,,,200000000,Unknown
708,Kagero,Kouzuki Family,Human,Alive,Unknown,,,,Unknown
709,Kagikko,Krieg Pirates,Human,Alive,Unknown,East Blue,,,Unknown
710,Kaidou,Beasts Pirates,Human,Unknown,"Uo Uo no Mi, Model: Seiryu",Grand Line,"['Conquerors', 'Observation', 'Armament']",4611100000,Zoan
711,Kairen,Mermaid Café,Merfolk,Alive,Unknown,Grand Line (Ryugu Kingdom),,,Unknown
712,Kairiken,,Human,Alive,Unknown,,,,Unknown
713,Kairo Kureyo,,Human,Unknown,Unknown,,,"At least 100,000,000",Unknown
714,Kaku ,CP0,Human,Alive,"Ushi Ushi no Mi, Model: Giraffe (Awakened)",East Blue,"['Observation', 'Armament']",,Zoan
715,Kaku,Kyoshiro Family,Human,Alive,Unknown,,,,Unknown
716,Kakukaku,,Human,Alive,Unknown,,,,Unknown
717,Kakunoshin,Kouzuki Family,Human,Alive,Unknown,,,,Unknown
718,Kalgara,Shandia,Moon people - Shandian,Deceased,Unknown,Grand Line (Jaya),['Observation'],,Unknown
719,Kalifa,CP0,Human,Alive,Awa Awa no Mi,Grand Line,"['Observation', 'Armament']",,Paramecia
720,Kamakiri,God's Guards,Moon people - Shandian,Alive,Unknown,Sky Islands (Skypiea),,,Unknown
721,Kamakirigirl,Beasts Pirates,Human,Alive,Praying Mantis SMILE,,,,Zoan
722,Kamekichi,,Human,Alive,Unknown,,,,Unknown
723,Kamijiro,Beasts Pirates,Devil Fruit creation,Alive,Unknown,,,,Unknown
724,Kaneshiro,Arlong Pirates,Fish-man,Alive,Unknown,Grand Line (Ryugu Kingdom),,,Unknown
725,Kanezenny,,Human,Alive,Unknown,,,,Unknown
726,Kappa,,Human,Alive,Unknown,,,,Unknown
727,Karasu,Revolutionary Army,Human,Alive,Susu Susu no Mi,North Blue,"['Observation', 'Armament']",400000000,Logia
728,Karin,Walrus School,Giant,Alive,Unknown,,,,Unknown
729,Karma,Takotopus Pirates,Fish-man,Alive,Unknown,,,,Unknown
730,Karoo,Arabasta Kingdom,Animal,Alive,Unknown,Grand Line (Arabasta Kingdom),,,Unknown
731,Kasa,Raijin Island,Human,Alive,Unknown,,,,Unknown
732,Kasagoba,New Fish-Man Pirates,Fish-man,Alive,Unknown,Grand Line (Ryugu Kingdom),,,Unknown
733,Kashigami,Shandia,Animal,Deceased,Unknown,,,,Unknown
734,Kashigami's child,Shandia,Animal,Deceased,Unknown,,,,Unknown
735,Kashii,Giant Warrior Pirates,Giant,Alive,Unknown,Grand Line (Elbaph),,,Unknown
736,Katsuzo,,Human,Deceased,Unknown,,,,Unknown
737,Kawamatsu,Kouzuki Family,Fish-man,Alive,Unknown,Grand Line (Ryugu Kingdom),"['Observation', 'Armament']",,Unknown
738,Kaya,,Human,Alive,Unknown,East Blue (Gecko Islands),,,Unknown
739,Kazekage,Beasts Pirates,Human,Alive,Unknown,Grand Line (Wano Country),,,Unknown
740,Kazenbo,Kurozumi Family,Devil Fruit creation,Deceased,Unknown,Grand Line (Onigashima),,,Unknown
741,Kebi,Rebel Army (former),Human,Alive,Unknown,,,,Unknown
742,Kechatch,Whitebeard Pirates,Human,Alive,Unknown,,,,Unknown
743,Keith,Mokomo Dukedom,Mink,Alive,Unknown,,,,Unknown
744,Kelly Funk,Mogaro Kingdom,Human,Alive,Jake Jake no Mi,Grand Line (Mogaro Kingdom),,57000000,Paramecia
745,Kentauros,Arabasta Kingdom,Animal,Alive,Unknown,,,,Unknown
746,Kerville,World Government,Human,Unknown,Unknown,Grand Line,,,Unknown
747,Kiba,Walrus School,Giant,Alive,Unknown,,,,Unknown
748,Kibagaeru,Foxy Pirates (former),Human,Alive,Unknown,,,,Unknown
749,Kibin,Marines,Human,Alive,Unknown,,,100000000,Unknown
750,Kiev,Galley-La Company (Zambai's Company Union),Human,Alive,Unknown,,,,Unknown
751,Kikipatsu,Blackbeard Pirates,Human,Alive,Unknown,,,,Unknown
752,Kiku,Kuja,Human,Alive,Unknown,,['Armament'],,Unknown
753,Kikunojo,Kouzuki Family,Human,Alive,Unknown,Grand Line (Wano Country),"['Observation', 'Armament']",,Unknown
754,Kikyo,Kuja,Human,Alive,Unknown,Calm Belt (Amazon Lily),['Armament'],,Unknown
755,Killer,Kid Pirates,Human,Unknown,Unknown,South Blue (Kutsukku Island),"['Observation', 'Armament']",200000000,Unknown
756,Kimel,Spade Pirates,Human,Alive,Unknown,,,,Unknown
757,Kinbo,,Human,Alive,Unknown,,,,Unknown
758,Kinderella,Evil Black Drum Kingdom,Human,Alive,Unknown,,,,Unknown
759,Kinemon,Kouzuki Family,Human,Alive,Fuku Fuku no Mi,Grand Line (Wano Country),"['Observation', 'Armament']",,Paramecia
760,Kinga,Whitebeard Pirates,Human,Alive,Unknown,,,,Unknown
761,Kingbaum,Big Mom Pirates,Object,Deceased,Unknown,Grand Line (Totto Land),,,Unknown
762,Kingdew,Whitebeard Pirates,Human,Alive,Unknown,Grand Line,,,Unknown
763,Kinoko,Buggy Pirates,Human,Alive,Unknown,,,"At least 100,000,000",Unknown
764,Kirinkodanuki,Island of Rare Animals,Animal,Alive,Unknown,,,,Unknown
765,Kirintauros,Caesar Clown (former),Human,Alive,Unknown,,,,Unknown
766,Kisegawa,,Human,Alive,Unknown,,,,Unknown
767,Kitton,,Human,Alive,Unknown,,,,Unknown
768,Kiwi,Franky Family,Human,Alive,Unknown,Grand Line (Water 7),,,Unknown
769,Koala,Revolutionary Army,Human,Alive,Unknown,,,,Unknown
770,Kobe,,Human,Alive,Unknown,,,,Unknown
771,Koby,Marines (SWORD),Human,Alive,Unknown,East Blue (Satsuruzo Kingdom),"['Observation', 'Armament']","500,000,000 [Cross Guild]",Unknown
772,Koda,Marines ,Human,Alive,Unknown,,,,Unknown
773,Koito,,Human,Alive,Unknown,,,,Unknown
774,Koiwa,,Human,Unknown,Unknown,,,,Unknown
775,Kojuro,Kouzuki Family,Human,Alive,Unknown,,,,Unknown
776,Kokoro,Tom's Workers,Merfolk,Alive,Unknown,Grand Line (Ryugu Kingdom),,,Unknown
777,Komachiyo,Kurozumi Tama,Animal,Alive,Unknown,,,,Unknown
778,Komakkov,Marines ,Human,Alive,Unknown,,,,Unknown
779,Komane,Lulusia Kingdom,Human,Unknown,Unknown,,,,Unknown
780,Konbu,,Human,Alive,Unknown,,,,Unknown
781,Kong,World Government,Human,Alive,Unknown,,['Armament'],,Unknown
782,Kop,Franky Family,Human,Alive,Unknown,,,,Unknown
783,Koshi Falcon,Beasts Pirates,Human,Alive,Peregrine Falcon SMILE,,,,Zoan
784,Kotatsu,Spade Pirates,Animal,Alive,Unknown,,,,Unknown
785,Kotetsu,,Human,Deceased,Unknown,,,,Unknown
786,Kotori,God's Army (former),Moon people - Birkan,Unknown,Unknown,Sky Islands (Birka),['Observation'],,Unknown
787,Kouzuki Hiyori,Kouzuki Family,Human,Alive,Unknown,Grand Line (Moby Dick),,,Unknown
788,Kouzuki Momonosuke,Kouzuki Family,Human,Alive,"Uo Uo no Mi, Model: Seiryu (Artificial)",Grand Line (Moby Dick),['Observation'],,Zoan
789,Gecko Moria [Kouzuki Moria],Thriller Bark Pirates,Human,Alive,Kage Kage no Mi,West Blue,,320000000,Paramecia
790,Kouzuki Oden,Kouzuki Family,Human,Deceased,Unknown,Grand Line (Wano Country),"['Conquerors', 'Observation', 'Armament']",,Unknown
791,Kouzuki Sukiyaki,Kouzuki Family,Human,Alive,Unknown,,,,Unknown
792,Kouzuki Toki,Kouzuki Family,Human,Deceased,Toki Toki no Mi,,,,Paramecia
793,Koyama,Kouzuki Family,Animal,Unknown,Unknown,,,,Unknown
794,Koza,Arabasta Kingdom,Human,Alive,Unknown,Grand Line (Arabasta Kingdom),,,Unknown
795,Koze,Yes Pirates,Human,Alive,Unknown,East Blue,,,Unknown
796,Krieg,Krieg Pirates,Human,Alive,Unknown,East Blue,,17000000,Unknown
797,Kujaku,Marines (SWORD),Human,Alive,Muchi Muchi no Mi,North Blue,"['Observation', 'Armament']","500,000,000 [Cross Guild]",Paramecia
798,Kukai,Spade Pirates,Human,Alive,Unknown,,,,Unknown
799,Kumadori,CP0,Human,Alive,Unknown,South Blue,"['Observation', 'Armament']",,Unknown
800,Kumadori Yamanbako,Kumadori,Human,Alive,Unknown,,,,Unknown
801,Kumae,,Animal,Unknown,Unknown,,,,Unknown
802,Kumagoro,,Human,Alive,Unknown,,,,Unknown
803,Kumashi,Thriller Bark Pirates,Devil Fruit creation,Deceased,Unknown,,,,Unknown
804,Kuni,Kyoshiro Family,Human,Alive,Unknown,,,,Unknown
805,Kunyun,Beasts Pirates (Numbers),Artificial Giant,Alive,Unknown,Grand Line (Punk Hazard),,,Unknown
806,Kureha,Sakura Kingdom,Human,Alive,Unknown,Grand Line (Drum Kingdom),,,Unknown
807,Kuro,Black Cat Pirates,Human,Alive,Unknown,East Blue,,16000000,Unknown
808,Kurokoma,Kurokoma Family,Human,Unknown,Unknown,,,,Unknown
809,Kuromarimo,Drum Kingdom (former),Human,Alive,Unknown,Grand Line (Drum Kingdom),,,Unknown
810,Kuroobi,Arlong Pirates,Fish-man,Alive,Unknown,Grand Line (Ryugu Kingdom),,9000000,Unknown
811,Kurosawa,Kouzuki Family,Human,Alive,Unknown,,,,Unknown
812,Kurotsuru,,Human,Unknown,Unknown,,,,Unknown
813,Kurozumi Higurashi,Kurozumi Family,Human,Deceased,Mane Mane no Mi,Grand Line (Wano Country),,,Paramecia
814,Kurozumi Kanjuro,Kurozumi Family,Human,Deceased,Fude Fude no Mi,Grand Line (Wano Country),"['Observation', 'Armament']",,Paramecia
815,Kurozumi Orochi,Kurozumi Family,Human,Deceased,"Hebi Hebi no Mi, Model: Yamata no Orochi",Grand Line (Wano Country),,,Zoan
816,Kurozumi Semimaru,Kurozumi Family,Human,Deceased,Bari Bari no Mi,Grand Line (Wano Country),,,Paramecia
817,Kurozumi Tama,Kurozumi Family,Human,Alive,Kibi Kibi no Mi,Grand Line (Wano Country),,,Paramecia
818,Kuzan [Aokiji],Blackbeard Pirates,Human,Alive,Hie Hie no Mi,South Blue (Vespa Kingdom),"['Observation', 'Armament']",,Logia
819,Kyo [Silver Axe],Rocks Pirates (former),Human,Unknown,Unknown,,,,Unknown
820,Kyros,Corrida Colosseum (former),Human,Alive,Unknown,Grand Line (Dressrosa),,,Unknown
821,Kyuin,Donquixote Pirates (former),Human,Alive,Unknown,,,,Unknown
822,Kyuji,Marines ,Human,Alive,Unknown,,,,Unknown
823,Kyukyu,,Human,Alive,Unknown,,,,Unknown
824,Laboon,Crocus,Animal,Alive,Unknown,West Blue,,,Unknown
825,Lacroix,Marines,Giant,Alive,Unknown,,['Armament'],500000000,Unknown
826,Lacuba,,Human,Alive,Unknown,Grand Line,,17000000,Unknown
827,Lady Tree,,Object,Alive,Unknown,,,,Unknown
828,Laffitte,Blackbeard Pirates,Human,Alive,Unnamed Wings Devil Fruit,West Blue,,"At least 42,200,000",Unknown
829,Lao G,Donquixote Pirates,Human,Alive,Unknown,North Blue,,61000000,Unknown
830,Laskey,CP9 (former),Human,Unknown,Unknown,,,,Unknown
831,Lassoo,New Spiders Cafe,Object,Alive,"Inu Inu no Mi, Model: Dachshund",,,,Zoan
832,Lemoncheese,Bestland Kingdom,Human,Alive,Unknown,,,,Unknown
833,Leo,Tontatta Kingdom,Dwarf,Alive,Nui Nui no Mi,Grand Line (Green Bit),,,Paramecia
834,Leonero,Spade Pirates,Human,Alive,Unknown,,,,Unknown
835,Lilith,Marines (SSG),Robot,Alive,Unknown,Grand Line (Egghead),,,Unknown
836,Lily,Bellamy Pirates,Human,Unknown,Unknown,North Blue (Notice),,,Unknown
837,Limejuice,Red Hair Pirates,Human,Alive,Unknown,,,,Unknown
838,Linaria,Night Butterfly Pirates,Human,Alive,Unknown,,,,Unknown
839,Lindbergh,Revolutionary Army,Mink,Alive,Unknown,,"['Observation', 'Armament']",316000000,Unknown
840,Lines,Marines,Human,Alive,Unknown,East Blue,,100000,Unknown
841,Lionbuta,Island of Rare Animals,Animal,Alive,Unknown,,,,Unknown
842,Lip Doughty,Fake Straw Hat Crew (Former),Human,Alive,Unknown,,,88000000,Unknown
843,Little Oars Jr.,Little Pirates,Ancient Giant,Unknown,Unknown,Grand Line,,550000000,Unknown
844,Loki,Warland Kingdom,Giant,Alive,"Ryu Ryu no Mi, Model: Nidhogg",Grand Line (Elbaph),"['Conquerors', 'Observation']",2600000000,Zoan
845,Lonz,Marines,Giant,Alive,Unknown,,['Armament'],500000000,Unknown
846,Lord of the Coast,,Animal,Alive,Unknown,East Blue,,,Unknown
847,Lord of the Coast,,Animal,Unknown,Unknown,,,,Unknown
848,Louis Arnote,,Human,Unknown,Unknown,Grand Line,,,Unknown
849,Love,Baroque Works (Millions) (former),Human,Alive,Unknown,,,,Unknown
850,Lu Feld,Underworld,Human,Unknown,Unknown,,,,Unknown
851,Lucky Roux,Red Hair Pirates,Human,Alive,Unknown,South Blue,['Armament'],,Unknown
852,Lulis,Mermaid Café,Merfolk,Alive,Unknown,Grand Line (Ryugu Kingdom),,,Unknown
853,Machvise,Donquixote Pirates,Human,Alive,Ton Ton no Mi,North Blue,,11000000,Paramecia
854,Macro ,Macro Pirates,Fish-man,Alive,Unknown,Grand Line (Ryugu Kingdom),,,Unknown
855,Macro,Automata,Robot,Alive,Unknown,,,,Unknown
856,Madilloman,Beasts Pirates,Human,Alive,Armadillo SMILE,,,,Zoan
857,Mag,Walrus School,Giant,Alive,Unknown,,,,Unknown
858,Magellan,Impel Down,Human,Alive,Doku Doku no Mi,Grand Line,,,Paramecia
859,Magnolia,,Human,Deceased,Unknown,,,,Unknown
860,Magra,Dadan Family,Human,Alive,Unknown,East Blue,,,Unknown
861,Maha,CP0,Human,Unknown,Unknown,,,,Unknown
862,Maidy,Arabasta Kingdom,Human,Alive,Unknown,,,,Unknown
863,Maki,Blackbeard Pirates,Human,Alive,Unknown,,,,Unknown
864,Makino,Partys Bar,Human,Alive,Unknown,East Blue (Foosha Village),,,Unknown
865,Makko,Marines,Human,Alive,Unknown,,,1000000,Unknown
866,Manboshi,Ryugu Kingdom,Merfolk,Alive,Unknown,Grand Line (Ryugu Kingdom),,,Unknown
867,Mani,Bellamy Pirates,Human,Unknown,Unknown,North Blue (Notice),,,Unknown
868,Manjaro,Fake Straw Hat Crew,Human,Alive,Unknown,East Blue,,,Unknown
869,Mansherry,Tontatta Kingdom,Dwarf,Alive,Chiyu Chiyu no Mi,Grand Line (Green Bit),,,Paramecia
870,Marco,Whitebeard Pirates (former),Human,Alive,"Tori Tori no Mi, Model: Phoenix",Grand Line,"['Observation', 'Armament']",1374000000,Zoan
871,Marcus Mars,Five Elders,Human,Alive,Unknown,,"['Conquerors', 'Observation']",,Unknown
872,Margarita,Egana,Human,Alive,Unknown,,,,Unknown
873,Marguerite,Kuja,Human,Alive,Unknown,Calm Belt (Amazon Lily),['Armament'],,Unknown
874,Mari,Czacho Kingdom,Human,Alive,Unknown,,,,Unknown
875,Maria Napole,Ryugu Kingdom,Merfolk,Alive,Unknown,Grand Line (Ryugu Kingdom),,,Unknown
876,Marianne [Miss Goldenweek],New Spiders Cafe,Human,Alive,Unknown,North Blue,,29000000,Unknown
877,Marie,Saint Charlos,Human,Alive,Unknown,Grand Line,,,Unknown
878,Marilyn,,Moon people - Skypiean,Alive,Unknown,,,,Unknown
879,Marin,,Human,Alive,Unknown,Grand Line (Sabaody Archipelago),,,Unknown
880,Mario,,Animal,Alive,Unknown,,,,Unknown
881,Marlon,Rocks Pirates,Human,Deceased,Unknown,West Blue,,,Unknown
882,Marshall D. Teach [Blackbeard],Blackbeard Pirates,Human,Alive,"['Yami Yami no Mi', ' Gura Gura No Mi']",Grand Line (Shade Port),"['Observation', 'Armament']",3996000000,"['Logia', 'Paramecia']"
883,Marumieta,,Human,Alive,Unknown,,,,Unknown
884,Mash,,Animal,Unknown,Unknown,,,,Unknown
885,Mashikaku,Marines,Human,Alive,Unknown,East Blue,,100000,Unknown
886,Masira,Saruyama Alliance (Masira Pirates),Human,Alive,Unknown,North Blue,,23000000,Unknown
887,Masked Deuce,Spade Pirates,Human,Alive,Unknown,,,,Unknown
888,Massui,Beasts Pirates,Human,Alive,Unknown,,,,Unknown
889,Master,,Human,Alive,Unknown,,,,Unknown
890,Mato,,Giant,Alive,Unknown,,,,Unknown
891,Matryosaka,Roshwan Kingdom,Human,Alive,Unknown,,,,Unknown
892,Matryosuka,Roshwan Kingdom,Human,Alive,Unknown,,,,Unknown
893,Matryoseka,Roshwan Kingdom,Human,Alive,Unknown,,,,Unknown
894,Matryosoka,Roshwan Kingdom,Human,Alive,Unknown,,,,Unknown
895,Matsuge,Super Spot-Billed Duck Troops,Animal,Alive,Unknown,Grand Line (Arabasta Kingdom),,,Unknown
896,Maujii,Tontatta Kingdom,Dwarf,Alive,Unknown,,,,Unknown
897,MAX Marx,Roger Pirates,Human,Unknown,Unknown,,,,Unknown
898,Maynard,Marines,Human,Alive,Unknown,,['Armament'],500000000,Unknown
899,Mayushika,Shandia,Moon people - Shandian,Alive,Unknown,,,,Unknown
900,McGuy,Whitebeard Pirates,Human,Alive,Unknown,,,,Unknown
901,McKinley,God Guardians,Moon people - Skypiean,Alive,Unknown,,,,Unknown
902,Meadows,,Human,Alive,Unknown,,,,Unknown
903,Mecha-Shark,Vegapunk,Robot,Unknown,Unknown,,,,Unknown
904,Megalo,Ryugu Kingdom,Animal,Alive,Unknown,,,,Unknown
905,Mero,Mermaid Café,Merfolk,Alive,Unknown,Grand Line (Ryugu Kingdom),,,Unknown
906,Merry,Kaya,Human,Alive,Unknown,East Blue (Syrup Village),,,Unknown
907,Mezasuzowan Pisuo,Germ Pirates,Human,Alive,Unknown,,,,Unknown
908,Michael,,Human,Alive,Unknown,,,,Unknown
909,Mihar,Spade Pirates,Human,Alive,Unknown,,,,Unknown
910,Mikazuki,Big Helmet Pirates,Human,Alive,Unknown,,,36000000,Unknown
911,Mikita [Miss Valentine],New Spiders Cafe,Human,Alive,Kiro Kiro no Mi,West Blue,,7500000,Paramecia
912,Miles,Ryugu Kingdom,Merfolk,Alive,Unknown,Grand Line (Ryugu Kingdom),,,Unknown
913,Milky,Mokomo Dukedom,Mink,Alive,Unknown,,,,Unknown
914,Millet Pine,Roger Pirates,Human,Unknown,Unknown,,,,Unknown
915,Milo,,Human,Alive,Unknown,,,,Unknown
916,Minatomo,,Human,Alive,Unknown,,,,Unknown
917,Minister of the Left,Ryugu Kingdom,Merfolk,Alive,Unknown,Grand Line (Ryugu Kingdom),,,Unknown
918,Minister of the Right,Ryugu Kingdom,Merfolk,Alive,Unknown,Grand Line (Ryugu Kingdom),,,Unknown
919,Minochihuahua,Impel Down,Human,Alive,Unnamed Chihuahua Zoan (Failed Awakened),,,,Zoan
920,Minokoala,Impel Down,Human,Alive,Unnamed Koala Zoan (Failed Awakened),,,,Zoan
921,Minorhinoceros,Impel Down,Human,Alive,Unnamed Rhinoceros Zoan (Failed Awakened),,,,Zoan
922,Minoruba,,Human,Alive,Unknown,,,,Unknown
923,Minotaurus,Impel Down,Human,Alive,Unnamed Cow Zoan (Failed Awakened),,,,Zoan
924,Minozebra,Impel Down,Human,Alive,Unnamed Zebra Zoan (Failed Awakened),,,,Zoan
925,Misery,Big Mom Pirates,Devil Fruit creation,Unknown,Unknown,Grand Line (Onigashima),,,Unknown
926,Mishoin Cashible,,Human,Alive,Unknown,,,,Unknown
927,Miss Catherina,Baroque Works (Millions) (former),Human,Alive,Unknown,East Blue,,,Unknown
928,Miss Father's Day,Baroque Works (former),Human,Alive,Unknown,,,,Unknown
929,Miss Friday,Baroque Works (former),Animal,Alive,Unknown,Grand Line,,,Unknown
930,Miss Monday,Baroque Works (former),Human,Alive,Unknown,Grand Line,,,Unknown
931,Miss Mother's Day,Baroque Works (former),Human,Alive,Unknown,,,,Unknown
932,Miss Saturday,Baroque Works (former),Human,Alive,Unknown,,,,Unknown
933,Miss Thursday,Baroque Works (former),Human,Alive,Unknown,,,,Unknown
934,Miss Tuesday,Baroque Works (former),Human,Alive,Unknown,,,,Unknown
935,Misty,Baroque Works (Millions) (former),Human,Alive,Unknown,,,,Unknown
936,Miyagi,Mokomo Dukedom,Mink,Alive,Unknown,,,,Unknown
937,Mizerka,Beasts Pirates,Human,Alive,Gorilla SMILE,,,,Zoan
938,Mizuira,,Human,Deceased,Unknown,,,,Unknown
939,Mizuta Madaisuki,Rumbar Pirates,Human,Deceased,Unknown,,,,Unknown
940,Mizuta Mawaritosuki,Rumbar Pirates,Human,Deceased,Unknown,,,,Unknown
941,Moai,Kid Pirates,Human,Unknown,Unknown,,,,Unknown
942,MocDonald,Thriller Bark Pirates,Devil Fruit creation,Deceased,Unknown,,,,Unknown
943,Mocha,,Human,Alive,Unknown,Grand Line (New World),,,Unknown
944,Mochi,,Moon people - Skypiean,Alive,Unknown,,,,Unknown
945,Moda,Revolutionary Army,Human,Alive,Unknown,,,,Unknown
946,Mohji,Cross Guild,Human,Alive,Unknown,East Blue,,,Unknown
947,Momonga,Marines,Human,Alive,Unknown,Grand Line,"['Observation', 'Armament']",500000000,Unknown
948,Momoo,Arlong Pirates (former),Animal,Alive,Unknown,Grand Line,,,Unknown
949,Monda,Foxy Pirates (former),Animal,Alive,Unknown,,,,Unknown
950,Monet,Donquixote Pirates,Human,Deceased,Yuki Yuki no Mi,North Blue,,,Logia
951,Monjii,Mokomo Dukedom,Mink,Alive,Unknown,,,,Unknown
952,Monjiro,Kouzuki Family,Human,Alive,Unknown,,,,Unknown
953,Monkey D. Dragon,Revolutionary Army,Human,Alive,Unknown,East Blue (Goa Kingdom),,,Unknown
954,Monkey D. Garp,Marines,Human,Alive,Unknown,East Blue (Goa Kingdom),"['Conquerors', 'Observation', 'Armament']",3000000000,Unknown
955,Monkey D. Luffy,Straw Hat Pirates,Human,Alive,"Hito Hito no Mi, Model: Nika (Awakened)",East Blue (Foosha Village),"['Conquerors', 'Observation', 'Armament']",3000000000,Zoan
956,Monster,Red Hair Pirates,Animal,Alive,Unknown,East Blue,,,Unknown
957,Mont Blanc Cricket,Saruyama Alliance,Human,Alive,Unknown,North Blue,,25000000,Unknown
958,Mont Blanc Noland,Lvneel Kingdom,Human,Deceased,Unknown,North Blue (Lvneel Kingdom),,,Unknown
959,Moodie,,Human,Alive,Unknown,East Blue,,,Unknown
960,Moon Isaac Jr.,Roger Pirates,Human,Unknown,Unknown,,,,Unknown
961,Moqueca,Samba Kingdom,Human,Alive,Unknown,,,,Unknown
962,Morgan,Marines (former),Human,Alive,Unknown,,,,Unknown
963,Morgans,World Economy News Paper,Human,Alive,"Tori Tori no Mi, Model: Albatross",Grand Line,,,Zoan
964,Morley,Revolutionary Army,Giant,Alive,Oshi Oshi no Mi,West Blue,"['Observation', 'Armament']",293000000,Paramecia
965,Mornin,,Human,Alive,Unknown,East Blue (Syrup Village),,,Unknown
966,Mororon,Tajine Kingdom,Human,Alive,Unknown,,,,Unknown
967,Mosa,,Human,Alive,Unknown,,,,Unknown
968,Mosh,Kid Pirates,Human,Unknown,Unknown,,,,Unknown
969,Motobaro,Rosy Life Riders,Animal,Alive,Unknown,Grand Line (Rural Village),,,Unknown
970,Mottled,Poseidon,Animal,Alive,Unknown,,,,Unknown
971,Motzel,,Human,Alive,Unknown,East Blue,,,Unknown
972,Mounblutain,Fake Straw Hat Crew,Human,Unknown,Unknown,East Blue,,,Unknown
973,Mountain God,Kouzuki Family,Animal,Unknown,Unknown,,,,Unknown
974,Mountain Ricky,Foxy Pirates (former),Human,Alive,Unknown,,,,Unknown
975,Mouseman,Beasts Pirates,Human,Alive,Mouse SMILE,,,,Unknown
976,Mousse,Shandia,Moon people - Shandian,Deceased,Unknown,,,,Unknown
977,Mouthto Mouthyan,,Human,Alive,Unknown,,,,Unknown
978,Moyle,Divine Squad,Moon people - Skypiean,Unknown,Unknown,,,,Unknown
979,Mozambia,Marines,Human,Alive,Unknown,,['Armament'],500000000,Unknown
980,Mozu,Franky Family,Human,Alive,Unknown,Grand Line (Water 7),,,Unknown
981,Mr. 10,Baroque Works (former),Human,Alive,Unknown,,,,Unknown
982,Mr. 11,Baroque Works,Human,Deceased,Unknown,Grand Line,,,Unknown
983,Mr. 12,Baroque Works (former),Human,Alive,Unknown,,,,Unknown
984,Mr. 13,Baroque Works (former),Animal,Alive,Unknown,Grand Line,,,Unknown
985,Mr. 6,Baroque Works (former),Human,Alive,Unknown,,,,Unknown
986,Mr. 7,Baroque Works,Human,Deceased,Unknown,,,,Unknown
987,Mr. 7,Baroque Works (former),Human,Alive,Unknown,,,,Unknown
988,Mr. 9,Baroque Works (former),Human,Alive,Unknown,Grand Line,,,Unknown
989,Mr. Beans,Baroque Works (Millions) (former),Human,Alive,Unknown,Grand Line,,,Unknown
990,Mr. Love,Baroque Works (Billions) (former),Human,Alive,Unknown,,,,Unknown
991,Mr. Mellow,Baroque Works (Billions) (former),Human,Alive,Unknown,,,,Unknown
992,Mr. Momora,Roger Pirates,Human,Unknown,Unknown,,,,Unknown
993,Mr. Shimizu,Baroque Works (Millions) (former),Human,Alive,Unknown,Grand Line,,,Unknown
994,Muchana,Impel Down,Human,Alive,Unknown,,,,Unknown
995,Muginn,,Animal,Alive,Unknown,,,,Unknown
996,Mugren,Roger Pirates,Human,Unknown,Unknown,,,,Unknown
997,Mukkashimi Tower,,Human,Alive,Unknown,,,,Unknown
998,Mummy,,Human,Alive,Unknown,,,,Unknown
999,Mummy Mee,World Government,Human,Alive,Unknown,East Blue (Conomi Islands),,,Unknown
1000,Muret,Bellamy Pirates,Human,Unknown,Unknown,North Blue (Notice),,,Unknown
1001,Muti,,Human,Alive,Unknown,,,,Unknown
1002,Nakaiwa,,Human,Unknown,Unknown,,,,Unknown
1003,Nako,,Human,Alive,Unknown,East Blue (Conomi Islands),,,Unknown
1004,Nami,Straw Hat Pirates,Human,Alive,Unknown,East Blue (Conomi Islands),,366000000,Unknown
1005,Namur,Whitebeard Pirates,Fish-man,Alive,Unknown,Grand Line,,,Unknown
1006,Nanday,,Human,Alive,Unknown,Grand Line (Cactus Island),,,Unknown
1007,Nangi,Beasts Pirates (Numbers),Artificial Giant,Alive,Unknown,,,,Unknown
1008,Napoleon,Big Mom Pirates,Object,Unknown,Unknown,Grand Line,,,Unknown
1009,Nash,New Giant Warrior Pirates,Object,Alive,Unknown,,,,Unknown
1010,Nashi,Ringo Kingdom,Human,Alive,Unknown,,,,Unknown
1011,Natto,Sand-Sand Clan (former),Human,Alive,Unknown,,,,Unknown
1012,Nazu Ketagari,Marines,Human,Alive,Unknown,,['Armament'],500000000,Unknown
1013,Needle God,,Animal,Alive,Unknown,,,,Unknown
1014,Nefertari Cobra,Arabasta Kingdom,Human,Deceased,Unknown,Grand Line (Arabasta Kingdom),,,Unknown
1015,Nefertari D. Lili,Arabasta Kingdom,Human,Deceased,Unknown,Grand Line (Arabasta Kingdom),,,Unknown
1016,Nefertari Titi,Arabasta Kingdom,Human,Deceased,Unknown,,,,Unknown
1017,Nefertari Vivi,Arabasta Kingdom,Human,Alive,Unknown,Grand Line (Arabasta Kingdom),,,Unknown
1018,Neggy,Gingapore Kingdom,Human,Alive,Unknown,,,,Unknown
1019,Negikuma Maria,,Human,Alive,Unknown,Grand Line (Drum Island),,,Unknown
1020,Nekomamushi,Mokomo Dukedom,Mink,Alive,Unknown,Grand Line (Mokomo Dukedom),"['Observation', 'Armament']",,Unknown
1021,Nekozaemon,,Devil Fruit creation,Deceased,Unknown,,,,Unknown
1022,Neoki,Beasts Pirates,Human,Alive,Unknown,,,,Unknown
1023,Neptune,Ryugu Kingdom,Merfolk,Alive,Unknown,Grand Line (Ryugu Kingdom),,,Unknown
1024,Nerine,Kuja,Human,Alive,Unknown,Calm Belt (Amazon Lily),['Armament'],,Unknown
1025,Nero,CP9 (former),Human,Unknown,Unknown,West Blue,,,Unknown
1026,Nerona Imu,World Government,Human,Alive,Akuma No Mi (Awakened),,"['Conquerors', 'Observation']",,Zoan
1027,Nezumi,Marines,Human,Alive,Unknown,East Blue,,100000000,Unknown
1028,Nico Olvia,Ohara Archaeologists,Human,Deceased,Unknown,West Blue (Ohara),,79000000,Unknown
1029,Nico Robin,Straw Hat Pirates,Human,Alive,Hana Hana no Mi,West Blue,,930000000,Paramecia
1030,Nigeratta,,Human,Alive,Unknown,,,,Unknown
1031,Nightcrab Girl,Beasts Pirates,Human,Alive,Crab SMILE,,,,Zoan
1032,Nika,,Merfolk,Alive,Unknown,Grand Line (Ryugu Kingdom),,,Unknown
1033,Nika [Sun God],,Human,Unknown,Unknown,,,,Unknown
1034,Nin,Thriller Bark Pirates,Devil Fruit creation,Deceased,Unknown,,,,Unknown
1035,Ninjin,Usopp Pirates (disbanded),Human,Alive,Unknown,East Blue (Gecko Islands),,,Unknown
1036,Ninth,Whitebeard Pirates,Human,Alive,Unknown,,,,Unknown
1037,Nitro,Big Mom Pirates,Object,Alive,Unknown,,,,Unknown
1038,Noble Croc,Big Mom Pirates,Animal,Alive,Unknown,,,,Unknown
1039,Nodoi Wakan,Beasts Pirates,Human,Alive,Unknown,,,,Unknown
1040,Nojiko,Nojiko's mikan farm,Human,Alive,Unknown,East Blue,,,Unknown
1041,Nokokuwa Police,Beasts Pirates (Armored Division),Human,Alive,Japanese Stag Beetle SMILE,,,,Zoan
1042,Nokotti,Beasts Pirates,Human,Alive,Unknown,,,,Unknown
1043,Nola,Wagomuland,Animal,Alive,Unknown,,,,Unknown
1044,Nora Gitsune,Fake Straw Hat Crew,Animal,Alive,Unknown,East Blue,,,Unknown
1045,Noriko,,Human,Alive,Unknown,,,,Unknown
1046,Norinosuke,,Human,Unknown,Unknown,,,,Unknown
1047,Nosgarl,Whitebeard Pirates,Human,Alive,Unknown,,,,Unknown
1048,Nubon,Tontatta Kingdom,Dwarf,Alive,Unknown,,,,Unknown
1049,Nugire Yainu,Black Cat Pirates,Human,Deceased,Unknown,East Blue,,,Unknown
1050,Nure-Onna,Beasts Pirates,Human,Alive,Hognose Snake SMILE,,,,Zoan
1051,Nyasha,,Animal,Alive,Unknown,,,,Unknown
1052,Nyornyo Nyarmani,,Mink,Alive,Unknown,,,,Unknown
1053,Oars,Thriller Bark Pirates,Ancient Giant,Deceased,Unknown,North Blue,,,Unknown
1054,Ochoku,Rocks Pirates (former),Human,Unknown,Unknown,,,,Unknown
1055,Octopako,,Fish-man,Alive,Unknown,Grand Line (Ryugu Kingdom),,,Unknown
1056,Ohm,God's Army (former),Moon people - Birkan,Unknown,Unknown,Sky Islands (Birka),['Observation'],,Unknown
1057,Oide,,Human,Alive,Unknown,,,,Unknown
1058,Oimo,Giant Warrior Pirates,Giant,Alive,Unknown,Grand Line (Elbaph),,,Unknown
1059,Oiwa,,Human,Unknown,Unknown,,,,Unknown
1060,Okame,Rebel Army (former),Human,Alive,Unknown,,,,Unknown
1061,Okome,Hokahoka Pirates,Human,Alive,Unknown,,,,Unknown
1062,Olav,Walrus School,Giant,Alive,Unknown,,,,Unknown
1063,Oli,Red Hair Pirates,Human,Alive,Unknown,,,,Unknown
1064,Oliva,Whitebeard Pirates (former),Human,Alive,Unknown,,,,Unknown
1065,Omasa,,Human,Alive,Unknown,,,,Unknown
1066,Onigumo,Marines,Human,Alive,Unnamed Spider Zoan,,['Armament'],500000000,Zoan
1067,Onimaru,Shimotsuki Family,Animal,Alive,"Hito Hito no Mi, Model: Onyudo",,,,Zoan
1068,Oran,,Human,Deceased,Unknown,,,,Unknown
1069,Orlumbus,Yonta Maria Grand Fleet,Human,Alive,Unknown,Grand Line (Standing Kingdom),,148000000,Unknown
1070,Ossamondo,Spade Pirates,Human,Alive,Unknown,,,,Unknown
1071,Otohime,Ryugu Kingdom,Merfolk,Deceased,Unknown,Grand Line (Ryugu Kingdom),['Observation'],,Unknown
1072,Ottoland,Franky Family,Human,Alive,Unknown,,,,Unknown
1073,Outlook III,Goa Kingdom,Human,Alive,Unknown,,,,Unknown
1074,Packy,Yes Pirates,Human,Alive,Unknown,East Blue (Loguetown),,,Unknown
1075,Pagaya,,Moon people - Skypiean,Alive,Unknown,Grand Line (Skypiea),,,Unknown
1076,Page One,Yamato,Human,Alive,"Ryu Ryu no Mi, Model: Spinosaurus",Grand Line,"['Observation', 'Armament']",290000000,Zoan
1077,Palms,Whitebeard Pirates,Human,Alive,Unknown,,,,Unknown
1078,Pandora,Carmel,Object,Unknown,Unknown,,,,Unknown
1079,Pankuta Dakeyan,,Human,Alive,Unknown,Grand Line,,,Unknown
1080,Pansy,Kuja,Human,Alive,Unknown,Calm Belt (Amazon Lily),['Armament'],,Unknown
1081,Papaneel,,Fish-man,Alive,Unknown,Grand Line (Ryugu Kingdom),,,Unknown
1082,Papas,Kid Pirates,Human,Unknown,Unknown,,,,Unknown
1083,Pappag,Criminal,Animal,Alive,Unknown,Grand Line (Ryugu Kingdom),,,Unknown
1084,Part,Bonney Pirates,Human,Alive,Unknown,South Blue,,,Unknown
1085,Pascia,,Human,Alive,Unknown,South Blue,,,Unknown
1086,Patty,Baratie,Human,Alive,Unknown,East Blue,,,Unknown
1087,Paulie,Galley-La Company,Human,Alive,Unknown,Grand Line (Water 7),,,Unknown
1088,Pavlik,Whitebeard Pirates,Human,Alive,Unknown,,,,Unknown
1089,Peachbeard,Peachbeard Pirates,Human,Alive,Unknown,,,,Unknown
1090,Pearl,Krieg Pirates,Human,Alive,Unknown,East Blue,,,Unknown
1091,Pedro,Mokomo Dukedom,Mink,Deceased,Unknown,Grand Line (Mokomo Dukedom),"['Observation', 'Armament']",382000000,Unknown
1092,Peepley Lulu,Galley-La Company,Human,Alive,Unknown,Grand Line (Water 7),,,Unknown
1093,Pekkori,Harahettania,Human,Alive,Unknown,,,,Unknown
1094,Pekoms,Big Mom Pirates,Mink,Unknown,Kame Kame no Mi,,"['Observation', 'Armament']",330000000,Zoan
1095,Pell,Arabasta Kingdom,Human,Alive,"Tori Tori no Mi, Model: Falcon",Grand Line (Arabasta Kingdom),,,Zoan
1096,Pellini,Tontatta Kingdom,Dwarf,Alive,Unknown,,,,Unknown
1097,Penguin,Heart Pirates,Human,Unknown,Unknown,North Blue,,,Unknown
1098,Peppoko,Alvida Pirates (disbanded),Human,Alive,Unknown,East Blue,,,Unknown
1099,Perona,Thriller Bark Pirates,Human,Alive,Horo Horo no Mi,West Blue,,,Paramecia
1100,Peterman,Hound Pets,Human,Alive,Unknown,,,,Unknown
1101,Petermoo,Roger Pirates,Human,Unknown,Unknown,,,,Unknown
1102,Pica,Donquixote Pirates,Human,Alive,Ishi Ishi no Mi,North Blue,"['Observation', 'Armament']",99000000,Paramecia
1103,Pickles,Foxy Pirates (former),Human,Alive,Unknown,,,,Unknown
1104,Pierre,Gan Fall,Animal,Alive,Uma Uma no Mi,,,,Zoan
1105,Piiman,Usopp Pirates (disbanded),Human,Alive,Unknown,East Blue (Gecko Islands),,,Unknown
1106,Pike,Marines ,Human,Alive,Unknown,,,,Unknown
1107,Pinky,,Animal,Alive,Unknown,East Blue,,,Unknown
1108,Piper,,Animal,Alive,Unknown,,,,Unknown
1109,Pisaro,Arlong Pirates,Fish-man,Alive,Unknown,Grand Line (Ryugu Kingdom),,,Unknown
1110,Pluming,World Government,Human,Alive,Unknown,,,,Unknown
1111,Poker,Beasts Pirates,Human,Alive,Rattlesnake SMILE,,,,Zoan
1112,Polo Gram,Whitebeard Pirates (former),Human,Unknown,Unknown,,,,Unknown
1113,Pomp,Kid Pirates,Human,Unknown,Unknown,,,,Unknown
1114,Pomsky,Marines,Human,Alive,Rako Rako no Mi,,['Armament'],500000000,Zoan
1115,Poppoko,Alvida Pirates (disbanded),Human,Alive,Unknown,East Blue,,,Unknown
1116,Poppy,Kuja,Human,Alive,Unknown,Calm Belt (Amazon Lily),['Armament'],,Unknown
1117,Porche,Foxy Pirates,Human,Alive,Unknown,,,,Unknown
1118,Porchemy,Bluejam Pirates,Human,Deceased,Unknown,East Blue (Goa Kingdom),,3400000,Unknown
1119,Poro,Orange Town,Human,Alive,Unknown,East Blue (Orange Town),,,Unknown
1120,Portgas D. Ace,Whitebeard Pirates,Human,Deceased,Mera Mera no Mi,South Blue (Baterilla),"['Conquerors', 'Observation', 'Armament']",550000000,Logia
1121,Portgas D. Rouge,,Human,Deceased,Unknown,,,,Unknown
1122,Potato,Bonney Pirates,Human,Alive,Unknown,South Blue,,,Unknown
1123,Potaufeu,,Human,Alive,Unknown,,,,Unknown
1124,Potsun,,Human,Alive,Unknown,,,,Unknown
1125,Pound,Charlotte Family (Former),Human,Alive,Unknown,Grand Line (New World),,,Unknown
1126,Prince Grus,Marines (SWORD),Human,Alive,Gunyo Gunyo no Mi,West Blue,"['Observation', 'Armament']","500,000,000 [Cross Guild]",Unknown
1127,Prometheus,Big Mom Pirates,Object,Unknown,Unknown,Grand Line,,,Unknown
1128,Pudding Pudding,Marines ,Human,Deceased,Unknown,East Blue,,,Unknown
1129,Pudos,,Human,Alive,Unknown,,,,Unknown
1130,Puppu,,Human,Unknown,Unknown,,,,Unknown
1131,Pururu,Bourgeois Pirates,Human,Alive,Unknown,,,,Unknown
1132,Pythagoras,Marines (SSG),Robot,Alive,Unknown,Grand Line (Egghead),,,Unknown
1133,Queen Mama Chanter,Big Mom Pirates,Object,Alive,Unknown,,,,Unknown
1134,Quincy,Kid Pirates,Human,Unknown,Unknown,,,,Unknown
1135,Rabbitman,Beasts Pirates,Human,Alive,Rabbit SMILE,,,,Zoan
1136,Rabiyan,Big Mom Pirates,Object,Alive,Unknown,,,,Unknown
1137,Raccoon,,Human,Unknown,Unknown,,,75000000,Unknown
1138,Ragnir,Loki,Object,Alive,Unnamed Squirrel Zoan,,,,Unknown
1139,Raideen,Giant Warrior Pirates (former),Giant,Alive,Unknown,,,,Unknown
1140,Raijin,Beasts Pirates,Human,Alive,Unknown,Grand Line (Wano Country),,,Unknown
1141,Raizo,Kouzuki Family,Human,Alive,Maki Maki no Mi,Grand Line (Wano Country),"['Observation', 'Armament']",,Paramecia
1142,Raki,Shandia,Moon people - Shandian,Alive,Unknown,Sky Islands (Skypiea),,,Unknown
1143,Rakuda,,Human,Alive,Unknown,,,,Unknown
1144,Rakushitemo Terusubehainaika,Germ Pirates,Human,Alive,Unknown,,,,Unknown
1145,Rakuyo,Whitebeard Pirates,Human,Alive,Unknown,South Blue,,,Unknown
1146,Ramba,Whitebeard Pirates,Human,Alive,Unknown,,,,Unknown
1147,Ramen,Kano Country,Human,Alive,Unknown,,,,Unknown
1148,Rampo,Tontatta Kingdom,Dwarf,Alive,Unknown,,,,Unknown
1149,Ran,Kuja,Human,Alive,Unknown,Calm Belt (Amazon Lily),['Armament'],,Unknown
1150,Randolph,Big Mom Pirates,Animal,Alive,Unknown,,,,Unknown
1151,Rangram,Roger Pirates,Human,Unknown,Unknown,,,,Unknown
1152,Ratatoskr,Warrior God,Animal,Unknown,Unknown,,,,Unknown
1153,Ratel,Marines,Human,Alive,Unknown,,,100000000,Unknown
1154,Rebecca,Dressrosa Kingdom,Human,Alive,Unknown,Grand Line (Dressrosa),['Observation'],,Unknown
1155,Reck,Kid Pirates,Human,Unknown,Unknown,,,,Unknown
1156,Recycle-Wan,Vegapunk,Robot,Alive,Unknown,,,,Unknown
1157,Red King,Marines,Human,Alive,Unknown,,['Armament'],500000000,Unknown
1158,Redwolf,Beasts Pirates,Human,Alive,Wolf SMILE,,,,Zoan
1159,Reforte,Whitebeard Pirates,Human,Alive,Unknown,,,,Unknown
1160,Renona Topakka,,Merfolk,Deceased,Unknown,,,,Unknown
1161,Rhodes,Giant Warrior Pirates,Giant,Alive,Unknown,,,,Unknown
1162,Richie,Cross Guild,Animal,Alive,Unknown,,,,Unknown
1163,Rika,Marines ,Human,Alive,Unknown,East Blue,,,Unknown
1164,Riku Doldo III,Dressrosa Kingdom,Human,Alive,Unknown,Grand Line (Dressrosa),,,Unknown
1165,Rimoshifu Killingham,Knights of God,Human,Alive,"Ryu Ryu no Mi, Model: Qilin (Awakened)",,,,Zoan
1166,Rindo,Kuja,Human,Alive,Unknown,Calm Belt (Amazon Lily),['Armament'],,Unknown
1167,Rint,Ohara Archaeologists,Human,Deceased,Unknown,,,,Unknown
1168,Ripley,Walrus School,Giant,Alive,Unknown,,,,Unknown
1169,Ripper,Marines,Human,Alive,Unknown,East Blue,,1000000,Unknown
1170,Ririka,,Human,Alive,Unknown,East Blue,,,Unknown
1171,Risky Brothers,Rolling Pirates,Human,Alive,Unknown,,,,Unknown
1172,Rivers,Bellamy Pirates,Human,Unknown,Unknown,North Blue (Notice),,,Unknown
1173,Road,New Giant Warrior Pirates,Giant,Alive,Unknown,Grand Line (Elbaph),,,Unknown
1174,Rob Lucci,CP0,Human,Alive,"Neko Neko no Mi, Model: Leopard (Awakened)",Grand Line (Guanhao),"['Observation', 'Armament']",,Zoan
1175,Robson,Drum Kingdom (former),Animal,Unknown,Unknown,,,,Unknown
1176,Roche,Ohara Archaeologists,Human,Deceased,Unknown,,,,Unknown
1177,Roche Tomson,,Human,Unknown,Unknown,,,"At least 100,000,000",Unknown
1178,Rock [Yeti Cool Brother],Caesar Clown (former),Giant,Unknown,Unknown,Grand Line,,20000000,Unknown
1179,Rockstar,Red Hair Pirates,Human,Alive,Unknown,,,94000000,Unknown
1180,Roddy,Mokomo Dukedom,Mink,Alive,Unknown,,,,Unknown
1181,Roji,,Human,Deceased,Unknown,,,,Unknown
1182,Rokkaku,Marines,Human,Alive,Unknown,East Blue,,1000000,Unknown
1183,Rokki,Beasts Pirates (Numbers),Artificial Giant,Alive,Unknown,Grand Line (Punk Hazard),,,Unknown
1184,Rolling Logan,Majiatsuka Kingdom,Human,Alive,Unknown,,,,Unknown
1185,Ronja,Walrus School,Giant,Alive,Unknown,,,,Unknown
1186,Roronoa Arashi,,Human,Deceased,Unknown,East Blue (Shimotsuki Village),,,Unknown
1187,Roronoa Pinzoro,,Human,Unknown,Unknown,,,,Unknown
1188,Roronoa Zoro,Straw Hat Pirates,Human,Alive,Unknown,East Blue (Shimotsuki Village),"['Conquerors', 'Observation', 'Armament']",1111000000,Unknown
1189,Roshio,Roshio Pirates,Human,Alive,Unknown,,,42000000,Unknown
1190,Ross,Bellamy Pirates,Human,Unknown,Unknown,North Blue (Notice),,,Unknown
1191,Rosward Charlos,World Government,Human,Alive,Unknown,Red Line (Mary Geoise),,,Unknown
1192,Rosward Rosward,World Government,Human,Alive,Unknown,Red Line (Mary Geoise),,,Unknown
1193,Rosward Shalria,World Government,Human,Alive,Unknown,Red Line (Mary Geoise),,,Unknown
1194,Rowing,Roger Pirates,Human,Unknown,Unknown,,,,Unknown
1195,Roxanne,,Human,Alive,Unknown,East Blue,,,Unknown
1196,Royder,,Human,Alive,Unknown,,,,Unknown
1197,Rug Bear,Thriller Bark Pirates,Devil Fruit creation,Deceased,Unknown,,,,Unknown
1198,Run,Caesar Clown (former),Human,Alive,Unknown,,,,Unknown
1199,Rush,Whitebeard Pirates,Human,Alive,Unknown,,,,Unknown
1200,Russian,,Human,Deceased,Unknown,,,,Unknown
1201,Ryuboshi,Ryugu Kingdom,Merfolk,Alive,Unknown,Grand Line (Ryugu Kingdom),,,Unknown
1202,Ryunosuke,,Devil Fruit creation,Deceased,Unknown,,,,Unknown
1203,Saber,Spade Pirates,Human,Alive,Unknown,,,,Unknown
1204,Sabo,Revolutionary Army,Human,Alive,Mera Mera no Mi,East Blue (Goa Kingdom),"['Observation', 'Armament']",,Logia
1205,Sadi,Impel Down,Human,Alive,Unknown,Grand Line,,,Unknown
1206,Sai,Happo Navy,Human,Alive,Unknown,West Blue (Kano Country),"['Observation', 'Armament']",210000000,Unknown
1207,Saikoro,,Animal,Unknown,Unknown,,,,Unknown
1208,Saitank,Beasts Pirates (Armored Division),Human,Alive,Rhino SMILE,,,,Zoan
1209,Sakazuki [Akainu],Marines,Human,Alive,Magu Magu no Mi,North Blue,"['Observation', 'Armament']",5000000000,Logia
1210,Saki,,Human,Alive,Unknown,,,,Unknown
1211,Saldeath,Impel Down,Human,Alive,Unknown,Grand Line,,,Unknown
1212,Salome,Kuja,Animal,Alive,Unknown,,,,Unknown
1213,Sam,,Human,Alive,Unknown,East Blue (Conomi Islands),,,Unknown
1214,Samosa,,Human,Alive,Unknown,,,,Unknown
1215,Samurai Batts,,Human,Alive,Unknown,Grand Line,,,Unknown
1216,Sancrin,Brook (former),Longarm,Alive,Unknown,,,,Unknown
1217,Sandayu,Komurasaki,Human,Alive,Unknown,,,,Unknown
1218,Sanji,Straw Hat Pirates,Human,Alive,Unknown,North Blue,"['Observation', 'Armament']",1032000000,Unknown
1219,Sanjuan Wolf,Blackbeard Pirates,Giant,Alive,Deka Deka no Mi,West Blue,,,Paramecia
1220,Sanka,,Merfolk,Alive,Unknown,Grand Line (Ryugu Kingdom),,,Unknown
1221,Sapi,,Human-Fish-man hybrid,Alive,Unknown,East Blue,,,Unknown
1222,Sarahebi,Beasts Pirates,Human,Alive,Snake SMILE (2),,,,Zoan
1223,Sarai,Takotopus Pirates,Human,Unknown,Unknown,,,,Unknown
1224,Sarfunkel,Gaimon,Human,Alive,Unknown,,,,Unknown
1225,Sarie Nantokanette,Goa Kingdom,Human,Alive,Unknown,,,,Unknown
1226,Sarquiss,Bellamy Pirates,Human,Unknown,Unknown,North Blue (Notice),,38000000,Unknown
1227,Saru,Rosward family,Animal,Alive,Unknown,,,,Unknown
1228,Sarutobi,Beasts Pirates,Human,Alive,Unknown,Grand Line (Wano Country),,,Unknown
1229,Sasaki,Beasts Pirates (Tobiroppo),Fish-man,Alive,"Ryu Ryu no Mi, Model: Triceratops",Grand Line,"['Observation', 'Armament']",472000000,Zoan
1230,Satchels Maffey,Knights of God,Human,Unknown,Unknown,,,,Unknown
1231,Satori,God's Army (former),Moon people - Birkan,Unknown,Unknown,Sky Islands (Birka),['Observation'],,Unknown
1232,Sauce,Jambalaya Kingdom,Human,Alive,Unknown,,,,Unknown
1233,Scales,Poseidon,Animal,Alive,Unknown,,,,Unknown
1234,Scarlett,Dressrosa Kingdom,Human,Deceased,Unknown,,,,Unknown
1235,Schollzo,Franky Family,Human,Alive,Unknown,,,,Unknown
1236,Scien [Queen],Beasts Pirates,Human,Alive,"Ryu Ryu no Mi, Model: Brachiosaurus",Grand Line,"['Observation', 'Armament']",1320000000,Zoan
1237,Scimitarta,Endurance Curry Pirates,Human,Alive,Unknown,,,,Unknown
1238,Scopper Gaban,Roger Pirates (former),Human,Alive,Unknown,,"['Conquerors', 'Observation', 'Armament']",,Unknown
1239,Scorpionlady,Beasts Pirates (Armored Division),Human,Alive,Scorpion SMILE (2),,,,Zoan
1240,Scotch,Beasts Pirates,Human,Unknown,Unknown,,,,Unknown
1241,Scotch [Yeti Cool Brother],Caesar Clown (former),Giant,Unknown,Unknown,Grand Line,,20000000,Unknown
1242,Scratchmen Apoo,On Air Pirates,Longarm,Alive,Oto Oto no Mi,Grand Line,"['Observation', 'Armament']",350000000,Paramecia
1243,Sea Boar,,Animal,Alive,Unknown,,,,Unknown
1244,Seagull Guns Nozdon,Roger Pirates,Human,Unknown,Unknown,,,,Unknown
1245,Seamars,Space Pirates,Extraterrestrial,Alive,Unknown,,,,Unknown
1246,Seira,Mermaid Café,Merfolk,Alive,Unknown,Grand Line (Ryugu Kingdom),,,Unknown
1247,Seki,Lulusia Kingdom,Human,Unknown,Unknown,,,,Unknown
1248,Sengoku,Marines,Human,Alive,"Hito Hito no Mi, Model: Daibutsu",South Blue,"['Conquerors', 'Observation', 'Armament']",,Zoan
1249,Sennorikyuru,,Human,Alive,Unknown,,,,Unknown
1250,Señor Pink,Donquixote Pirates,Human,Alive,Sui Sui no Mi,North Blue,,58000000,Paramecia
1251,Sentomaru,Marines (former),Human,Alive,Unknown,Grand Line (Mt. Kintoki),"['Observation', 'Armament']","500,000,000 [Cross Guild]",Unknown
1252,Serizawa,,Human,Alive,Unknown,,,,Unknown
1253,Seto,Shandia,Moon people - Shandian,Deceased,Unknown,,,,Unknown
1254,Shachi,Heart Pirates,Human,Unknown,Unknown,North Blue,,,Unknown
1255,Shaka,Marines (SSG),Robot,Alive,Unknown,Grand Line (Egghead),,,Unknown
1256,Shakuyaku [Shakky],Shakky's Rip-off Bar,Human,Alive,Unknown,,['Armament'],,Unknown
1257,Sham,Black Cat Pirates,Human,Alive,Unknown,East Blue,,7000000,Unknown
1258,Shanba,Torino Kingdom,Human,Alive,Unknown,,,,Unknown
1259,Shandia Chief,Shandia,Moon people - Shandian,Alive,Unknown,Sky Islands (Skypiea),,,Unknown
1260,Shanks,Red Hair Pirates,Human,Alive,Unknown,West Blue (God Valley),"['Conquerors', 'Observation', 'Armament']",4048900000,Unknown
1261,Sharinguru,Marines,Human,Alive,Shari Shari no Mi,,,100000000,Paramecia
1262,Sheepshead,Beasts Pirates,Human,Unknown,Sheep SMILE,Grand Line,,,Zoan
1263,Shelly,Tonjit,Animal,Alive,Unknown,,,,Unknown
1264,Shepherd Ju Peter,Five Elders,Human,Alive,Unknown,,['Observation'],,Unknown
1265,Shepherd Sommers,Knights of God,Human,Alive,Iba Iba no Mi,,,,Paramecia
1266,Shiki,Golden Lion Pirates,Human,Alive,Fuwa Fuwa no Mi,,,,Paramecia
1267,Shikon Kettai,Germ Pirates,Human,Alive,Unknown,,,,Unknown
1268,Shimotsuki Furiko,Shimotsuki Family,Human,Unknown,Unknown,Grand Line (Wano Country),,,Unknown
1269,Shimotsuki Koushirou,Shimotsuki Family,Human,Alive,Unknown,East Blue (Shimotsuki Village),,,Unknown
1270,Shimotsuki Kouzaburou,Shimotsuki Family,Human,Deceased,Unknown,Grand Line (Wano Country),,,Unknown
1271,Shimotsuki Kuina,Shimotsuki Family,Human,Deceased,Unknown,East Blue (Shimotsuki Village),,,Unknown
1272,Shimotsuki Ryuma,Thriller Bark Pirates,Human,Deceased,Unknown,Grand Line (Wano Country),['Armament'],,Unknown
1273,Shimotsuki Ushimaru,Shimotsuki Family,Human,Deceased,Unknown,Grand Line (Wano Country),"['Observation', 'Armament']",,Unknown
1274,Shimotsuki Yasuie,Shimotsuki Family,Human,Deceased,Unknown,,,,Unknown
1275,Shin Detamaruka,,Human,Alive,Unknown,,,,Unknown
1276,Shin Jaiya,,Human,Alive,Unknown,,,,Unknown
1277,Shine,Marines,Human,Alive,Unknown,,,100000,Unknown
1278,Shinobu,Kouzuki Family,Human,Alive,Juku Juku no Mi,Grand Line (Wano Country),,,Paramecia
1279,Shinosuke,Kouzuki Family,Human,Alive,Unknown,,,,Unknown
1280,Shion,Kuja,Human,Alive,Unknown,,['Armament'],,Unknown
1281,Shioyaki,Arlong Pirates,Fish-man,Alive,Unknown,Grand Line (Ryugu Kingdom),,,Unknown
1282,Shirahoshi,Ryugu Kingdom,Merfolk,Alive,Unknown,Grand Line (Ryugu Kingdom),['Observation'],,Unknown
1283,Shiryu,Blackbeard Pirates,Human,Alive,Suke Suke no Mi,Grand Line,['Armament'],,Paramecia
1284,Shishilian,Mokomo Dukedom,Mink,Alive,Unknown,Grand Line (Mokomo Dukedom),,,Unknown
1285,Shoujou,Saruyama Alliance (Shoujou Pirates),Human,Alive,Unknown,South Blue,,36000000,Unknown
1286,Shu,Marines,Human,Alive,Sabi Sabi no Mi,,,100000000,Paramecia
1287,Shura,God's Army (former),Moon people - Birkan,Unknown,Unknown,Sky Islands (Birka),['Observation'],,Unknown
1288,Shuri [Gunko],Knights of God,Human,Alive,Aro Aro no Mi,West Blue,,,Paramecia
1289,Shyarly,Mermaid Café,Merfolk,Alive,Unknown,Grand Line (Ryugu Kingdom),,,Unknown
1290,Sicily,Marines,Human,Alive,Unknown,South Blue,,200000000,Unknown
1291,Sig,Giant Warrior Pirates,Giant,Alive,Unknown,,,,Unknown
1292,Silvers Rayleigh,Roger Pirates (former),Human,Alive,Unknown,,"['Conquerors', 'Observation', 'Armament']",,Unknown
1293,Sind,,Human,Alive,Unknown,,,,Unknown
1294,Skaldi,Walrus School,Giant,Alive,Unknown,,,,Unknown
1295,Skull,Spade Pirates,Human,Alive,Unknown,,,,Unknown
1296,Sleepy,Whitebeard Pirates,Human,Alive,Unknown,,,,Unknown
1297,Smiley,Caesar Clown (former),Object,Deceased,"Sara Sara no Mi, Model: Axolotl",,,,Unknown
1298,Smoker,Marines,Human,Alive,Moku Moku no Mi,Grand Line,"['Observation', 'Armament']",500000000,Logia
1299,Smooge,Caesar Clown (former),Human,Alive,Unknown,,,,Unknown
1300,Snakeman,Beasts Pirates,Human,Alive,Snake SMILE,,,,Zoan
1301,Sodom,Franky Family,Animal,Alive,Unknown,,,,Unknown
1302,Solitaire,Beasts Pirates,Human,Alive,Monkey SMILE,,,,Zoan
1303,Some,,Human,Alive,Unknown,,,,Unknown
1304,Sonieh,Foxy Pirates (former),Human,Alive,Unknown,,,,Unknown
1305,Sora,Mermaid Café,Merfolk,Alive,Unknown,Grand Line (Ryugu Kingdom),,,Unknown
1306,Sora (fictional),,Human,Alive,Unknown,,,,Unknown
1307,Soro,Helmeppo,Animal,Deceased,Unknown,East Blue,,,Unknown
1308,Spacey,Automata,Robot,Alive,Unknown,,,,Unknown
1309,Spandam,CP0,Human,Alive,Unknown,Grand Line,,,Unknown
1310,Spandine,CP9 (former),Human,Alive,Unknown,Grand Line,,,Unknown
1311,Spartan,,Human,Alive,Unknown,,,,Unknown
1312,Spector,,Human,Alive,Unknown,,,,Unknown
1313,Speed,Beasts Pirates,Human,Alive,Horse SMILE,Grand Line (Wano Country),,,Unknown
1314,Speed Jiru,Whitebeard Pirates,Human,Alive,Unknown,East Blue,,,Unknown
1315,Spencer,Roger Pirates,Human,Unknown,Unknown,,,,Unknown
1316,Sphinx,Impel Down,Human,Alive,Unknown,,,,Unknown
1317,Splash,,Human,Alive,Unknown,,,,Unknown
1318,Splatter,,Human,Alive,Unknown,,,,Unknown
1319,Spoil,Thriller Bark Victim's Association,Human,Alive,Unknown,,,,Unknown
1320,Squard,Maelstrom Spider Pirates,Human,Alive,Unknown,Grand Line,,210000000,Unknown
1321,Stainless,Marines,Human,Alive,Unknown,,['Armament'],500000000,Unknown
1322,Stalker,Marines,Human,Alive,Unknown,Grand Line,,1000000,Unknown
1323,Stansen,New Giant Warrior Pirates,Giant,Alive,Unknown,Grand Line,,,Unknown
1324,Stealth Black,Germa 66 (fictional),Human,Alive,Unknown,,,,Unknown
1325,Sterry,,Human,Alive,Unknown,East Blue (Dawn Island),,,Unknown
1326,Stevie,Water 7,Human,Alive,Unknown,,,,Unknown
1327,Stomp,Arabasta Kingdom,Animal,Alive,Unknown,,,,Unknown
1328,Strawberry,Marines,Human,Alive,Unknown,,['Armament'],500000000,Unknown
1329,Streusen,Big Mom Pirates,Human,Alive,Kuku Kuku no Mi,Grand Line,,,Paramecia
1330,Stroganoff,Beef Kingdom,Human,Alive,Unknown,,,,Unknown
1331,Stronger,Blackbeard Pirates,Animal,Alive,"Uma Uma no Mi, Model: Pegasus",,,,Zoan
1332,Stussy,Vegapunk,Clone,Unknown,Batto Batto no Mi,Grand Line (MADS Research Ship),"['Observation', 'Armament']",,Zoan
1333,Su,Conis,Animal,Alive,Unknown,,,,Unknown
1334,Sugamichi,Fujin,Animal,Alive,Unknown,,,,Unknown
1335,Sugar,Donquixote Pirates,Human,Alive,Hobi Hobi no Mi,North Blue,,,Paramecia
1336,Sukare Karehosui,Germ Pirates,Human,Alive,Unknown,,,,Unknown
1337,Sukare Tainen,Germ Pirates,Human,Alive,Unknown,,,,Unknown
1338,Suke,Kyoshiro Family,Human,Alive,Unknown,,,,Unknown
1339,Sukoshiba Kanishitoru,Impel Down,Human,Alive,Unknown,,,,Unknown
1340,Sukune,,Human,Alive,Unknown,,,,Unknown
1341,Suleiman,Beautiful Pirates,Human,Alive,Unknown,South Blue,,67000000,Unknown
1342,Sunbell,Roger Pirates,Fish-man,Unknown,Unknown,,,,Unknown
1343,Surume,New Fish-Man Pirates (Defected),Animal,Alive,Unknown,North Blue (North Pole),,,Unknown
1344,Suzume,,Animal,Unknown,Unknown,,,,Unknown
1345,Sweet Pea,Kuja,Human,Alive,Unknown,Calm Belt (Amazon Lily),['Armament'],,Unknown
1346,T Bone,Marines,Human,Deceased,Unknown,Grand Line,['Armament'],500000000,Unknown
1347,Tabuhachiro,Kouzuki Family,Human,Alive,Unknown,,,,Unknown
1348,Tacos,Shishano Kingdom,Human,Alive,Unknown,,,,Unknown
1349,Taka,Hyougoro Family,Human,Deceased,Unknown,,,,Unknown
1350,Takao,Komurasaki,Human,Alive,Unknown,,,,Unknown
1351,Take,Arlong Pirates,Fish-man,Alive,Unknown,Grand Line (Ryugu Kingdom),,,Unknown
1352,Tama,Oide,Animal,Alive,Unknown,,,,Unknown
1353,Tamachibi,Stool Restaurant,Human,Alive,Unknown,Grand Line (Drum Island),,,Unknown
1354,Tamago,Big Mom Pirates,Longleg,Alive,Tama Tama no Mi,Grand Line,"['Observation', 'Armament']",429000000,Zoan
1355,Tamagon,Galley-La Company (Zambai's Company Union),Human,Alive,Unknown,,,,Unknown
1356,Tamanegi,Usopp Pirates (disbanded),Human,Alive,Unknown,East Blue (Gecko Islands),,,Unknown
1357,Tamikebao,Kurozumi Family,Human,Alive,Unknown,,,,Unknown
1358,Tank Lepanto,Dressrosa Kingdom,Human,Alive,Unknown,,,,Unknown
1359,Tansui,Macro Pirates,Fish-man,Alive,Unknown,Grand Line (Ryugu Kingdom),,,Unknown
1360,Tarara,Tontatta Kingdom,Dwarf,Alive,Unknown,,,,Unknown
1361,Tararan,Thriller Bark Pirates,Devil Fruit creation,Deceased,Unknown,,,,Unknown
1362,Taro,Roger Pirates,Human,Unknown,Unknown,,,,Unknown
1363,Taroimo,Karakuri Island,Human,Alive,Unknown,,,,Unknown
1364,Tashigi,Marines,Human,Alive,Unknown,East Blue,"['Observation', 'Armament']",100000000,Unknown
1365,Tate,Whitebeard Pirates,Human,Alive,Unknown,,,,Unknown
1366,Tea IV,Eigis Kingdom,Human,Alive,Unknown,,,,Unknown
1367,Tegata Ringana,,Human,Alive,Unknown,,,,Unknown
1368,Tenjo-Sagari,Beasts Pirates,Human,Alive,White Snake SMILE,,,,Zoan
1369,Tensei [Kurouma],Marines ,Human,Alive,Unknown,,,,Unknown
1370,Tera,,Human,Deceased,Unknown,,,,Unknown
1371,Terracotta,Arabasta Kingdom,Human,Alive,Unknown,,,,Unknown
1372,Terry,,Human,Alive,Unknown,,,,Unknown
1373,Terry Gilteo,Revolutionary Army,Human,Alive,Unknown,,,,Unknown
1374,Teru,,Human,Alive,Unknown,East Blue (Conomi Islands),,,Unknown
1375,Thalassa Lucas,Ilisia Kingdom,Human,Unknown,Unknown,,,,Unknown
1376,Thatch,Whitebeard Pirates,Human,Deceased,Unknown,North Blue,,,Unknown
1377,Thormann,Giant Warrior Pirates,Giant,Alive,Unknown,,,,Unknown
1378,Tibany,Kamabakka Kingdom,Human,Alive,Unknown,,,,Unknown
1379,Tilestone,Galley-La Company,Human,Alive,Unknown,Grand Line (Water 7),,,Unknown
1380,Togare,,Fish-man,Alive,Unknown,Grand Line (Ryugu Kingdom),,,Unknown
1381,Tokijiro,,Human,Alive,Unknown,,,,Unknown
1382,Tokikake [Chaton],Marines,Human,Alive,Unknown,,['Armament'],500000000,Unknown
1383,Toko,Shimotsuki Family,Human,Alive,Unknown,,,,Unknown
1384,Tom,Tom's Workers,Fish-man,Deceased,Unknown,Grand Line (Ryugu Kingdom),,,Unknown
1385,Tomatito,,Human,Alive,Unknown,,,,Unknown
1386,Tomozo,,Human,Unknown,Unknown,,,,Unknown
1387,Tonjil,,Human,Alive,Unknown,Grand Line (Long Ring Long Land),,,Unknown
1388,Tonjit,,Human,Alive,Unknown,Grand Line (Long Ring Long Land),,,Unknown
1389,Tonsfer,,Human,Alive,Unknown,Grand Line (Long Ring Long Land),,,Unknown
1390,Tony Tony Chopper,Straw Hat Pirates,Animal,Alive,Hito Hito no Mi,Grand Line (Drum Island),,1000,Zoan
1391,Topknot,Poseidon,Animal,Alive,Unknown,,,,Unknown
1392,Topman Warcury,Five Elders,Human,Alive,Unknown,,"['Conquerors', 'Observation']",,Unknown
1393,Torasaburo,,Devil Fruit creation,Deceased,Unknown,,,,Unknown
1394,Tori,Blackbeard Pirates,Human,Alive,Unknown,,,,Unknown
1395,Tosa,Marines,Human,Alive,Unknown,,['Armament'],500000000,Unknown
1396,Toto,,Human,Alive,Unknown,,,,Unknown
1397,Totts,Bonney Pirates,Human,Alive,Unknown,South Blue,,,Unknown
1398,Toyama Tsujigiro,,Human,Unknown,Unknown,,,,Unknown
1399,Trafalgar D. Water Law,Heart Pirates,Human,Alive,Ope Ope no Mi (Awakened),North Blue,"['Observation', 'Armament']",3000000000,Paramecia
1400,Trafalgar Lami,,Human,Deceased,Unknown,,,,Unknown
1401,Trebol,Donquixote Pirates,Human,Alive,Beta Beta no Mi,North Blue,"['Observation', 'Armament']",99000000,Paramecia
1402,Tristan,Mokomo Dukedom,Mink,Alive,Unknown,,,,Unknown
1403,Tritobu,Nagagutsu Kingdom,Human,Alive,Unknown,,,,Unknown
1404,Tritoma,Kuja,Human,Deceased,Unknown,,['Armament'],,Unknown
1405,Tsugaru Umi,,Human,Alive,Unknown,,,,Unknown
1406,Tsukimi,,Human,Deceased,Unknown,,,,Unknown
1407,Tsumonsieur Kamaya,CP9 (former),Human,Unknown,Unknown,,,,Unknown
1408,Tsunagoro,,Human,Alive,Unknown,,,,Unknown
1409,Tsunokkov,Newkama Land (former),Human,Alive,Unknown,,,,Unknown
1410,Tsuru,Marines,Human,Alive,Woshu Woshu no Mi,North Blue,"['Observation', 'Armament']",500000000,Paramecia
1411,Tsurube,Kurozumi Family,Human,Deceased,Unknown,,,,Unknown
1412,Tsurue Monnosuke,,Human,Alive,Unknown,,,,Unknown
1413,Tsurujo,,Human,Alive,Unknown,,,,Unknown
1414,Turco,Fake Straw Hat Crew,Human,Alive,Unknown,East Blue,,,Unknown
1415,Tyrannosaurus,Iceburg,Animal,Alive,Unknown,,,,Unknown
1416,Ubau,,Moon people - Skypiean,Deceased,Unknown,Sky Islands (Skypiea),,,Unknown
1417,Ucy,,Animal,Alive,Unknown,,,,Unknown
1418,Uhho,,Animal,Alive,Unknown,,,,Unknown
1419,Uholisia,Niho Navy,Human,Alive,Unknown,,,,Unknown
1420,UK,Kid Pirates,Human,Unknown,Unknown,,,,Unknown
1421,Ukkari,Marines,Human,Alive,Unknown,East Blue,,100000,Unknown
1422,Ukon,Kouzuki Family,Human,Alive,Unknown,,,,Unknown
1423,Ulti,Yamato,Human,Alive,"Ryu Ryu no Mi, Model: Pachycephalosaurus",Grand Line,"['Observation', 'Armament']",400000000,Zoan
1424,Ultraking,Rain Dinners,Human,Alive,Unknown,,,,Unknown
1425,Umit,Underworld,Human,Alive,Unknown,,,,Unknown
1426,Underbite,Poseidon,Animal,Alive,Unknown,,,,Unknown
1427,Uni,Heart Pirates,Human,Unknown,Unknown,,,,Unknown
1428,Unigaro,Thriller Bark Pirates,Animal,Deceased,Unknown,,,,Unknown
1429,Urashima,,Human,Alive,Unknown,,,,Unknown
1430,Uraya Mashikatta,,Human,Alive,Unknown,,,,Unknown
1431,Urbain,,Giant,Alive,Unknown,,,,Unknown
1432,Urban,Marines,Human,Alive,Tsutsu Tsutsu no Mi,,['Observation'],500000000,Paramecia
1433,Urouge,Fallen Monk Pirates,Moon people - Unknown,Alive,Unnamed Paramecia,Sky Islands,,108000000,Paramecia
1434,Usagihebi,Island of Rare Animals,Animal,Alive,Unknown,,,,Unknown
1435,Usakkov,Newkama Land (former),Human,Alive,Unknown,,,,Unknown
1436,Ushiano,Revolutionary Army,Mink,Alive,Unknown,,,,Unknown
1437,Usopp,Straw Hat Pirates,Human,Alive,Unknown,East Blue (Gecko Islands),['Observation'],500000000,Unknown
1438,Usunoro,Beasts Pirates (Armored Division),Human,Alive,Giant Tortoise SMILE,,,,Zoan
1439,Uta,Red Hair Pirates (former),Human,Unknown,Unknown,,,,Unknown
1440,Uwattsura,Beasts Pirates,Human,Alive,Unknown,,,,Unknown
1441,Uzu,,Human,Alive,Unknown,,,,Unknown
1442,Uzuki Namida,Uzuki Family,Human,Alive,Unknown,,,,Unknown
1443,Uzuki Tempura,Uzuki Family,Human,Deceased,Unknown,Grand Line (Wano Country),,,Unknown
1444,Van Augur,Blackbeard Pirates,Human,Alive,Wapu Wapu no Mi,East Blue,,"At least 64,000,000",Paramecia
1445,Vander Decken,Flying Dutchman,Human,Deceased,Unknown,,,,Unknown
1446,Vander Decken IX,Flying Pirates,Fish-man,Alive,Mato Mato no Mi,Grand Line (Ryugu Kingdom),,,Paramecia
1447,Vasco Shot,Blackbeard Pirates,Human,Alive,Gabu Gabu no Mi,South Blue,,,Paramecia
1448,Vegaforce-01,Vegapunk,Robot,Deceased,Unknown,,,,Unknown
1449,Vegapants,,Human,Alive,Unknown,,,,Unknown
1450,Vegapunk,MADS (former),Human,Deceased,Nomi Nomi no Mi,Grand Line (Karakuri Island),,,Paramecia
1451,Vergo,Donquixote Pirates,Human,Deceased,Unknown,North Blue,"['Observation', 'Armament']",,Unknown
1452,Very Good,Marines,Human,Alive,Beri Beri no Mi,,,100000000,Paramecia
1453,Victoria Cindry,Thriller Bark Pirates,Human,Deceased,Unknown,West Blue,,,Unknown
1454,Victoria Shiruton Doruyanaika,,Human,Deceased,Unknown,,,,Unknown
1455,Vincent,Sankan Kingdom,Human,Alive,Unknown,,,,Unknown
1456,Vinsmoke Ichiji,Germa Kingdom,Human,Alive,Unknown,North Blue (Germa Kingdom),,,Unknown
1457,Vinsmoke Judge,Germa Kingdom,Human,Alive,Unknown,North Blue (Germa Kingdom),['Armament'],,Unknown
1458,Vinsmoke Niji,Germa Kingdom,Human,Alive,Unknown,North Blue (Germa Kingdom),,,Unknown
1459,Vinsmoke Reiju,Germa Kingdom,Human,Alive,Unknown,North Blue (Germa Kingdom),,,Unknown
1460,Vinsmoke Sora,Germa Kingdom,Human,Deceased,Unknown,,,,Unknown
1461,Vinsmoke Yonji,Germa Kingdom,Human,Alive,Unknown,North Blue (Germa Kingdom),,,Unknown
1462,Viola,Dressrosa Kingdom,Human,Alive,Giro Giro no Mi,Grand Line (Dressrosa),,,Paramecia
1463,Vista,Whitebeard Pirates,Human,Alive,Unknown,North Blue,"['Observation', 'Armament']",,Unknown
1464,Vitan,Whitebeard Pirates,Human,Alive,Unknown,,,,Unknown
1465,Vito,Fire Tank Pirates,Human,Alive,Unknown,West Blue,,95000000,Unknown
1466,Wadatsumi,Sun Pirates,Fish-man,Alive,Unknown,Grand Line (Ryugu Kingdom),,,Unknown
1467,Wakasa,,Human,Alive,Unknown,,,,Unknown
1468,Wall Zombie,Thriller Bark Pirates,Devil Fruit creation,Deceased,Unknown,,,,Unknown
1469,Wallace,Spade Pirates,Fish-man,Alive,Unknown,,,,Unknown
1470,Wallem,Whitebeard Pirates,Human,Alive,Unknown,,,,Unknown
1471,Wanda,Mokomo Dukedom,Mink,Alive,Unknown,Grand Line (Mokomo Dukedom),,,Unknown
1472,Wany,Wanda,Animal,Alive,Unknown,,,,Unknown
1473,Wanyudo,Beasts Pirates,Human,Alive,Pug SMILE,,,,Zoan
1474,Wanze,CP7,Human,Alive,Unknown,West Blue,,,Unknown
1475,Wapol,Evil Black Drum Kingdom,Human,Alive,Baku Baku no Mi,Grand Line (Drum Kingdom),,,Paramecia
1476,Warashi,Shandia,Moon people - Shandian,Alive,Unknown,,,,Unknown
1477,Warazane,Raijin,Animal,Alive,Unknown,,,,Unknown
1478,Warrior God,,Giant,Deceased,"Ryu Ryu no Mi, Model: Nidhogg",,,,Zoan
1479,Waruno Furishiro,,Human,Alive,Unknown,,,,Unknown
1480,Wellington,,Human,Unknown,Unknown,,,10000000,Unknown
1481,Wheel,South Fire Kingdom,Human,Alive,Unknown,,,,Unknown
1482,Whitey Bay,Whitebeard Pirates,Human,Alive,Unknown,,,,Unknown
1483,Whos-Who,Beasts Pirates (Tobiroppo),Human,Alive,"Neko Neko no Mi, Model: Saber Tiger",North Blue,"['Observation', 'Armament']",546000000,Zoan
1484,Wicca,Tontatta Kingdom,Dwarf,Alive,Unknown,,,,Unknown
1485,Willie Gallon,,Human,Unknown,Unknown,,,,Unknown
1486,Wire,Kid Pirates,Human,Unknown,Unknown,South Blue (Kutsukku Island),,,Unknown
1487,Wolf,Walrus School,Giant,Alive,Unknown,,,,Unknown
1488,Woop Slap,Foosha Village,Human,Alive,Unknown,East Blue (Goa Kingdom),,,Unknown
1489,Wyper,God's Guards,Moon people - Shandian,Alive,Unknown,Sky Islands (Skypiea),,,Unknown
1490,X Drake,Marines ,Human,Alive,"Ryu Ryu no Mi, Model: Allosaurus",North Blue,,222000000,Zoan
1491,Yama,Enel (former),Moon people - Birkan,Unknown,Unknown,Sky Islands (Birka),,,Unknown
1492,Yamakaji,Marines,Human,Alive,Unknown,,['Armament'],500000000,Unknown
1493,Yamanba,Beasts Pirates,Human,Alive,Japanese Rat Snake SMILE,,,,Zoan
1494,Yamato,Beasts Pirates (Defected),Human,Alive,"Inu Inu no Mi, Model: Okuchi no Makami",,"['Conquerors', 'Observation', 'Armament']",,Zoan
1495,Yame,,Human,Alive,Unknown,,,,Unknown
1496,Yamenahare,Marumieta,Human,Alive,Unknown,,,,Unknown
1497,Yamon,Roger Pirates,Human,Unknown,Unknown,,,,Unknown
1498,Yarisugi,Marines,Human,Alive,Unknown,,,100000000,Unknown
1499,Yasopp,Red Hair Pirates,Human,Alive,Unknown,East Blue (Gecko Islands),['Observation'],,Unknown
1500,Yatappe,,Human,Alive,Unknown,,,,Unknown
1501,Yazaemon,Beasts Pirates,Human,Alive,Unknown,Grand Line (Wano Country),,,Unknown
1502,Ylva,Walrus School,Giant,Alive,Unknown,,,,Unknown
1503,Yokan,,Human,Alive,Unknown,,,,Unknown
1504,Yokozuna,Tom's Workers,Animal,Alive,Unknown,,,,Unknown
1505,Yomo,Mokomo Dukedom,Mink,Alive,Unknown,,,,Unknown
1506,Yonka,,Merfolk,Alive,Unknown,Grand Line (Ryugu Kingdom),,,Unknown
1507,Yonka Two,,Merfolk,Alive,Unknown,Grand Line (Ryugu Kingdom),,,Unknown
1508,York,Marines (SSG),Robot,Alive,Unknown,Grand Line (Egghead),,,Unknown
1509,Yorki,Rumbar Pirates,Human,Unknown,Unknown,,,,Unknown
1510,Yosaku,Johnny,Human,Alive,Unknown,East Blue,,,Unknown
1511,Yoshimoto,,Human,Alive,Unknown,,,,Unknown
1512,Yotsubane,Shandia,Moon people - Shandian,Alive,Unknown,,,,Unknown
1513,Yu,,Human,Alive,Unknown,East Blue,,,Unknown
1514,Yui,Roger Pirates,Human,Unknown,Unknown,,,,Unknown
1515,Yuki,,Human,Unknown,Unknown,Grand Line,,,Unknown
1516,Yurikah,Tulip Pirates,Human,Alive,Unknown,,,,Unknown
1517,Zabo,,Human,Deceased,Unknown,,,,Unknown
1518,Zadie,Ohara Archaeologists,Human,Deceased,Unknown,,,,Unknown
1519,Zala [Miss Doublefinger],New Spiders Cafe,Human,Alive,Toge Toge no Mi,Grand Line,,35000000,Paramecia
1520,Zambai,Galley-La Company (Zambai's Company Union),Human,Alive,Unknown,Grand Line (Water 7),,,Unknown
1521,Zangirimaru,,Human,Alive,Unknown,,,,Unknown
1522,Zanki,Beasts Pirates (Numbers),Artificial Giant,Alive,Unknown,Grand Line (Punk Hazard),,,Unknown
1523,Zeff,Baratie,Human,Alive,Unknown,East Blue,,,Unknown
1524,Zeo,New Fish-Man Pirates,Fish-man,Alive,Unknown,Grand Line (Ryugu Kingdom),,,Unknown
1525,Zepo,Nox Pirates,Mink,Deceased,Unknown,,,,Unknown
1526,Zeus,Straw Hat Pirates,Object,Alive,Unknown,Grand Line,,,Unknown
1527,Zodia,Whitebeard Pirates,Human,Alive,Unknown,,,,Unknown
1528,Zotto,Marines,Human,Alive,Unknown,,,1000000,Unknown
1529,Zucca,Whitebeard Pirates,Human,Alive,Unknown,,,,Unknown
1530,Zunesha,,Animal,Alive,Unknown,Grand Line (New World),,,Unknown
1531,Zururin,,Fish-man,Alive,Unknown,Grand Line (Ryugu Kingdom),,,Unknown
